country,date
AR,2000-04-20
AR,2000-04-21
AR,2000-05-01
AR,2000-05-25
AR,2000-06-19
AR,2000-08-21
AR,2000-10-16
AR,2000-12-08
AR,2000-12-25
AR,2001-04-12
AR,2001-04-13
AR,2001-05-01
AR,2001-05-25
AR,2001-06-18
AR,2001-07-09
AR,2001-08-20
AR,2001-10-15
AR,2001-12-24
AR,2001-12-25
AR,2001-12-31
AR,2002-03-28
AR,2002-03-29
AR,2002-05-01
AR,2002-06-17
AR,2002-07-09
AR,2002-08-19
AR,2002-12-24
AR,2002-12-25
AR,2002-12-31
AR,2003-04-17
AR,2003-04-18
AR,2003-05-01
AR,2003-06-16
AR,2003-07-09
AR,2003-08-18
AR,2003-12-08
AR,2003-12-24
AR,2003-12-25
AR,2003-12-31
AR,2004-04-08
AR,2004-04-09
AR,2004-05-25
AR,2004-06-21
AR,2004-07-09
AR,2004-08-16
AR,2004-10-11
AR,2004-12-08
AR,2004-12-24
AR,2004-12-31
AR,2005-03-24
AR,2005-03-25
AR,2005-05-25
AR,2005-06-20
AR,2005-08-15
AR,2005-10-10
AR,2005-12-08
AR,2005-12-30
AR,2006-04-13
AR,2006-04-14
AR,2006-05-01
AR,2006-05-25
AR,2006-06-19
AR,2006-08-21
AR,2006-10-16
AR,2006-12-08
AR,2006-12-25
AR,2007-04-05
AR,2007-04-06
AR,2007-05-01
AR,2007-05-25
AR,2007-06-18
AR,2007-07-09
AR,2007-08-20
AR,2007-10-15
AR,2007-12-24
AR,2007-12-25
AR,2007-12-31
AR,2008-03-20
AR,2008-03-21
AR,2008-05-01
AR,2008-06-16
AR,2008-07-09
AR,2008-08-18
AR,2008-12-08
AR,2008-12-24
AR,2008-12-25
AR,2008-12-31
AR,2009-04-09
AR,2009-04-10
AR,2009-05-01
AR,2009-05-25
AR,2009-06-15
AR,2009-07-09
AR,2009-08-17
AR,2009-10-12
AR,2009-12-08
AR,2009-12-24
AR,2009-12-25
AR,2009-12-31
AR,2010-04-01
AR,2010-04-02
AR,2010-05-25
AR,2010-06-21
AR,2010-07-09
AR,2010-08-16
AR,2010-10-11
AR,2010-12-08
AR,2010-12-24
AR,2010-12-31
AR,2011-04-21
AR,2011-04-22
AR,2011-05-25
AR,2011-06-20
AR,2011-08-15
AR,2011-10-10
AR,2011-12-08
AR,2011-12-30
AR,2012-04-05
AR,2012-04-06
AR,2012-05-01
AR,2012-05-25
AR,2012-06-18
AR,2012-07-09
AR,2012-08-20
AR,2012-10-15
AR,2012-12-24
AR,2012-12-25
AR,2012-12-31
AR,2013-03-28
AR,2013-03-29
AR,2013-05-01
AR,2013-06-17
AR,2013-07-09
AR,2013-08-19
AR,2013-12-24
AR,2013-12-25
AR,2013-12-31
AR,2014-04-17
AR,2014-04-18
AR,2014-05-01
AR,2014-06-16
AR,2014-07-09
AR,2014-08-18
AR,2014-12-08
AR,2014-12-24
AR,2014-12-25
AR,2014-12-31
AR,2015-04-02
AR,2015-04-03
AR,2015-05-01
AR,2015-05-25
AR,2015-06-15
AR,2015-07-09
AR,2015-08-17
AR,2015-10-12
AR,2015-12-08
AR,2015-12-24
AR,2015-12-25
AR,2015-12-31
AR,2016-03-24
AR,2016-03-25
AR,2016-05-25
AR,2016-06-20
AR,2016-08-15
AR,2016-10-10
AR,2016-12-08
AR,2016-12-30
AR,2017-04-13
AR,2017-04-14
AR,2017-05-01
AR,2017-05-25
AR,2017-06-19
AR,2017-08-21
AR,2017-10-16
AR,2017-12-08
AR,2017-12-25
AR,2018-03-29
AR,2018-03-30
AR,2018-05-01
AR,2018-05-25
AR,2018-06-18
AR,2018-07-09
AR,2018-08-20
AR,2018-10-15
AR,2018-12-24
AR,2018-12-25
AR,2018-12-31
AR,2019-04-18
AR,2019-04-19
AR,2019-05-01
AR,2019-06-17
AR,2019-07-09
AR,2019-08-19
AR,2019-12-24
AR,2019-12-25
AR,2019-12-31
AR,2020-04-09
AR,2020-04-10
AR,2020-05-01
AR,2020-05-25
AR,2020-06-15
AR,2020-07-09
AR,2020-08-17
AR,2020-10-12
AR,2020-12-08
AR,2020-12-24
AR,2020-12-25
AR,2020-12-31
AR,2021-04-01
AR,2021-04-02
AR,2021-05-25
AR,2021-06-21
AR,2021-07-09
AR,2021-08-16
AR,2021-10-11
AR,2021-12-08
AR,2021-12-24
AR,2021-12-31
AR,2022-04-14
AR,2022-04-15
AR,2022-05-25
AR,2022-06-20
AR,2022-08-15
AR,2022-10-10
AR,2022-12-08
AR,2022-12-30
AR,2023-04-06
AR,2023-04-07
AR,2023-05-01
AR,2023-05-25
AR,2023-06-19
AR,2023-08-21
AR,2023-10-16
AR,2023-12-08
AR,2023-12-25
AR,2024-03-28
AR,2024-03-29
AR,2024-05-01
AR,2024-06-17
AR,2024-07-09
AR,2024-08-19
AR,2024-12-24
AR,2024-12-25
AR,2024-12-31
AR,2025-04-17
AR,2025-04-18
AR,2025-05-01
AR,2025-06-16
AR,2025-07-09
AR,2025-08-18
AR,2025-12-08
AR,2025-12-24
AR,2025-12-25
AR,2025-12-31
AR,2026-04-02
AR,2026-04-03
AR,2026-05-01
AR,2026-05-25
AR,2026-06-15
AR,2026-07-09
AR,2026-08-17
AR,2026-10-12
AR,2026-12-08
AR,2026-12-24
AR,2026-12-25
AR,2026-12-31
AR,2027-03-25
AR,2027-03-26
AR,2027-05-25
AR,2027-06-21
AR,2027-07-09
AR,2027-08-16
AR,2027-10-11
AR,2027-12-08
AR,2027-12-24
AR,2027-12-31
AR,2028-04-13
AR,2028-04-14
AR,2028-05-01
AR,2028-05-25
AR,2028-06-19
AR,2028-08-21
AR,2028-10-16
AR,2028-12-08
AR,2028-12-25
AR,2029-03-29
AR,2029-03-30
AR,2029-05-01
AR,2029-05-25
AR,2029-06-18
AR,2029-07-09
AR,2029-08-20
AR,2029-10-15
AR,2029-12-24
AR,2029-12-25
AR,2029-12-31
AR,2030-04-18
AR,2030-04-19
AR,2030-05-01
AR,2030-06-17
AR,2030-07-09
AR,2030-08-19
AR,2030-12-24
AR,2030-12-25
AR,2030-12-31
AT,2000-01-06
AT,2000-04-24
AT,2000-05-01
AT,2000-06-01
AT,2000-06-12
AT,2000-06-22
AT,2000-08-15
AT,2000-10-26
AT,2000-11-01
AT,2000-12-08
AT,2000-12-25
AT,2000-12-26
AT,2001-01-01
AT,2001-04-16
AT,2001-05-01
AT,2001-05-24
AT,2001-06-04
AT,2001-06-14
AT,2001-08-15
AT,2001-10-26
AT,2001-11-01
AT,2001-12-25
AT,2001-12-26
AT,2002-01-01
AT,2002-04-01
AT,2002-05-01
AT,2002-05-09
AT,2002-05-20
AT,2002-05-30
AT,2002-08-15
AT,2002-11-01
AT,2002-12-25
AT,2002-12-26
AT,2003-01-01
AT,2003-01-06
AT,2003-04-21
AT,2003-05-01
AT,2003-05-29
AT,2003-06-09
AT,2003-06-19
AT,2003-08-15
AT,2003-12-08
AT,2003-12-25
AT,2003-12-26
AT,2004-01-01
AT,2004-01-06
AT,2004-04-12
AT,2004-05-20
AT,2004-05-31
AT,2004-06-10
AT,2004-10-26
AT,2004-11-01
AT,2004-12-08
AT,2005-01-06
AT,2005-03-28
AT,2005-05-05
AT,2005-05-16
AT,2005-05-26
AT,2005-08-15
AT,2005-10-26
AT,2005-11-01
AT,2005-12-08
AT,2005-12-26
AT,2006-01-06
AT,2006-04-17
AT,2006-05-01
AT,2006-05-25
AT,2006-06-05
AT,2006-06-15
AT,2006-08-15
AT,2006-10-26
AT,2006-11-01
AT,2006-12-08
AT,2006-12-25
AT,2006-12-26
AT,2007-01-01
AT,2007-04-09
AT,2007-05-01
AT,2007-05-17
AT,2007-05-28
AT,2007-06-07
AT,2007-08-15
AT,2007-10-26
AT,2007-11-01
AT,2007-12-25
AT,2007-12-26
AT,2008-01-01
AT,2008-03-24
AT,2008-05-01
AT,2008-05-12
AT,2008-05-22
AT,2008-08-15
AT,2008-12-08
AT,2008-12-25
AT,2008-12-26
AT,2009-01-01
AT,2009-01-06
AT,2009-04-13
AT,2009-05-01
AT,2009-05-21
AT,2009-06-01
AT,2009-06-11
AT,2009-10-26
AT,2009-12-08
AT,2009-12-25
AT,2010-01-01
AT,2010-01-06
AT,2010-04-05
AT,2010-05-13
AT,2010-05-24
AT,2010-06-03
AT,2010-10-26
AT,2010-11-01
AT,2010-12-08
AT,2011-01-06
AT,2011-04-25
AT,2011-06-02
AT,2011-06-13
AT,2011-06-23
AT,2011-08-15
AT,2011-10-26
AT,2011-11-01
AT,2011-12-08
AT,2011-12-26
AT,2012-01-06
AT,2012-04-09
AT,2012-05-01
AT,2012-05-17
AT,2012-05-28
AT,2012-06-07
AT,2012-08-15
AT,2012-10-26
AT,2012-11-01
AT,2012-12-25
AT,2012-12-26
AT,2013-01-01
AT,2013-04-01
AT,2013-05-01
AT,2013-05-09
AT,2013-05-20
AT,2013-05-30
AT,2013-08-15
AT,2013-11-01
AT,2013-12-25
AT,2013-12-26
AT,2014-01-01
AT,2014-01-06
AT,2014-04-21
AT,2014-05-01
AT,2014-05-29
AT,2014-06-09
AT,2014-06-19
AT,2014-08-15
AT,2014-12-08
AT,2014-12-25
AT,2014-12-26
AT,2015-01-01
AT,2015-01-06
AT,2015-04-06
AT,2015-05-01
AT,2015-05-14
AT,2015-05-25
AT,2015-06-04
AT,2015-10-26
AT,2015-12-08
AT,2015-12-25
AT,2016-01-01
AT,2016-01-06
AT,2016-03-28
AT,2016-05-05
AT,2016-05-16
AT,2016-05-26
AT,2016-08-15
AT,2016-10-26
AT,2016-11-01
AT,2016-12-08
AT,2016-12-26
AT,2017-01-06
AT,2017-04-17
AT,2017-05-01
AT,2017-05-25
AT,2017-06-05
AT,2017-06-15
AT,2017-08-15
AT,2017-10-26
AT,2017-11-01
AT,2017-12-08
AT,2017-12-25
AT,2017-12-26
AT,2018-01-01
AT,2018-04-02
AT,2018-05-01
AT,2018-05-10
AT,2018-05-21
AT,2018-05-31
AT,2018-08-15
AT,2018-10-26
AT,2018-11-01
AT,2018-12-25
AT,2018-12-26
AT,2019-01-01
AT,2019-04-22
AT,2019-05-01
AT,2019-05-30
AT,2019-06-10
AT,2019-06-20
AT,2019-08-15
AT,2019-11-01
AT,2019-12-25
AT,2019-12-26
AT,2020-01-01
AT,2020-01-06
AT,2020-04-13
AT,2020-05-01
AT,2020-05-21
AT,2020-06-01
AT,2020-06-11
AT,2020-10-26
AT,2020-12-08
AT,2020-12-25
AT,2021-01-01
AT,2021-01-06
AT,2021-04-05
AT,2021-05-13
AT,2021-05-24
AT,2021-06-03
AT,2021-10-26
AT,2021-11-01
AT,2021-12-08
AT,2022-01-06
AT,2022-04-18
AT,2022-05-26
AT,2022-06-06
AT,2022-06-16
AT,2022-08-15
AT,2022-10-26
AT,2022-11-01
AT,2022-12-08
AT,2022-12-26
AT,2023-01-06
AT,2023-04-10
AT,2023-05-01
AT,2023-05-18
AT,2023-05-29
AT,2023-06-08
AT,2023-08-15
AT,2023-10-26
AT,2023-11-01
AT,2023-12-08
AT,2023-12-25
AT,2023-12-26
AT,2024-01-01
AT,2024-04-01
AT,2024-05-01
AT,2024-05-09
AT,2024-05-20
AT,2024-05-30
AT,2024-08-15
AT,2024-11-01
AT,2024-12-25
AT,2024-12-26
AT,2025-01-01
AT,2025-01-06
AT,2025-04-21
AT,2025-05-01
AT,2025-05-29
AT,2025-06-09
AT,2025-06-19
AT,2025-08-15
AT,2025-12-08
AT,2025-12-25
AT,2025-12-26
AT,2026-01-01
AT,2026-01-06
AT,2026-04-06
AT,2026-05-01
AT,2026-05-14
AT,2026-05-25
AT,2026-06-04
AT,2026-10-26
AT,2026-12-08
AT,2026-12-25
AT,2027-01-01
AT,2027-01-06
AT,2027-03-29
AT,2027-05-06
AT,2027-05-17
AT,2027-05-27
AT,2027-10-26
AT,2027-11-01
AT,2027-12-08
AT,2028-01-06
AT,2028-04-17
AT,2028-05-01
AT,2028-05-25
AT,2028-06-05
AT,2028-06-15
AT,2028-08-15
AT,2028-10-26
AT,2028-11-01
AT,2028-12-08
AT,2028-12-25
AT,2028-12-26
AT,2029-01-01
AT,2029-04-02
AT,2029-05-01
AT,2029-05-10
AT,2029-05-21
AT,2029-05-31
AT,2029-08-15
AT,2029-10-26
AT,2029-11-01
AT,2029-12-25
AT,2029-12-26
AT,2030-01-01
AT,2030-04-22
AT,2030-05-01
AT,2030-05-30
AT,2030-06-10
AT,2030-06-20
AT,2030-08-15
AT,2030-11-01
AT,2030-12-25
AT,2030-12-26
AU,2000-01-03
AU,2000-01-26
AU,2000-04-21
AU,2000-04-24
AU,2000-04-25
AU,2000-06-12
AU,2000-08-07
AU,2000-10-02
AU,2000-12-25
AU,2000-12-26
AU,2001-01-01
AU,2001-01-26
AU,2001-04-13
AU,2001-04-16
AU,2001-04-25
AU,2001-06-11
AU,2001-08-06
AU,2001-10-01
AU,2001-12-25
AU,2001-12-26
AU,2002-01-01
AU,2002-01-28
AU,2002-03-29
AU,2002-04-01
AU,2002-04-25
AU,2002-06-10
AU,2002-08-05
AU,2002-10-07
AU,2002-12-25
AU,2002-12-26
AU,2003-01-01
AU,2003-01-27
AU,2003-04-18
AU,2003-04-21
AU,2003-04-25
AU,2003-06-09
AU,2003-08-04
AU,2003-10-06
AU,2003-12-25
AU,2003-12-26
AU,2004-01-01
AU,2004-01-26
AU,2004-04-09
AU,2004-04-12
AU,2004-06-14
AU,2004-08-02
AU,2004-10-04
AU,2004-12-27
AU,2004-12-28
AU,2005-01-03
AU,2005-01-26
AU,2005-03-25
AU,2005-03-28
AU,2005-04-25
AU,2005-06-13
AU,2005-08-01
AU,2005-10-03
AU,2005-12-26
AU,2005-12-27
AU,2006-01-02
AU,2006-01-26
AU,2006-04-14
AU,2006-04-17
AU,2006-04-25
AU,2006-06-12
AU,2006-08-07
AU,2006-10-02
AU,2006-12-25
AU,2006-12-26
AU,2007-01-01
AU,2007-01-26
AU,2007-04-06
AU,2007-04-09
AU,2007-04-25
AU,2007-06-11
AU,2007-08-06
AU,2007-10-01
AU,2007-12-25
AU,2007-12-26
AU,2008-01-01
AU,2008-01-28
AU,2008-03-21
AU,2008-03-24
AU,2008-04-25
AU,2008-06-09
AU,2008-08-04
AU,2008-10-06
AU,2008-12-25
AU,2008-12-26
AU,2009-01-01
AU,2009-01-26
AU,2009-04-10
AU,2009-04-13
AU,2009-06-08
AU,2009-08-03
AU,2009-10-05
AU,2009-12-25
AU,2009-12-28
AU,2010-01-01
AU,2010-01-26
AU,2010-04-02
AU,2010-04-05
AU,2010-06-14
AU,2010-08-02
AU,2010-10-04
AU,2010-12-27
AU,2010-12-28
AU,2011-01-03
AU,2011-01-26
AU,2011-04-22
AU,2011-04-25
AU,2011-06-13
AU,2011-08-01
AU,2011-10-03
AU,2011-12-26
AU,2011-12-27
AU,2012-01-02
AU,2012-01-26
AU,2012-04-06
AU,2012-04-09
AU,2012-04-25
AU,2012-06-11
AU,2012-08-06
AU,2012-10-01
AU,2012-12-25
AU,2012-12-26
AU,2013-01-01
AU,2013-01-28
AU,2013-03-29
AU,2013-04-01
AU,2013-04-25
AU,2013-06-10
AU,2013-08-05
AU,2013-10-07
AU,2013-12-25
AU,2013-12-26
AU,2014-01-01
AU,2014-01-27
AU,2014-04-18
AU,2014-04-21
AU,2014-04-25
AU,2014-06-09
AU,2014-08-04
AU,2014-10-06
AU,2014-12-25
AU,2014-12-26
AU,2015-01-01
AU,2015-01-26
AU,2015-04-03
AU,2015-04-06
AU,2015-06-08
AU,2015-08-03
AU,2015-10-05
AU,2015-12-25
AU,2015-12-28
AU,2016-01-01
AU,2016-01-26
AU,2016-03-25
AU,2016-03-28
AU,2016-04-25
AU,2016-06-13
AU,2016-08-01
AU,2016-10-03
AU,2016-12-26
AU,2016-12-27
AU,2017-01-02
AU,2017-01-26
AU,2017-04-14
AU,2017-04-17
AU,2017-04-25
AU,2017-06-12
AU,2017-08-07
AU,2017-10-02
AU,2017-12-25
AU,2017-12-26
AU,2018-01-01
AU,2018-01-26
AU,2018-03-30
AU,2018-04-02
AU,2018-04-25
AU,2018-06-11
AU,2018-08-06
AU,2018-10-01
AU,2018-12-25
AU,2018-12-26
AU,2019-01-01
AU,2019-01-28
AU,2019-04-19
AU,2019-04-22
AU,2019-04-25
AU,2019-06-10
AU,2019-08-05
AU,2019-10-07
AU,2019-12-25
AU,2019-12-26
AU,2020-01-01
AU,2020-01-27
AU,2020-04-10
AU,2020-04-13
AU,2020-06-08
AU,2020-08-03
AU,2020-10-05
AU,2020-12-25
AU,2020-12-28
AU,2021-01-01
AU,2021-01-26
AU,2021-04-02
AU,2021-04-05
AU,2021-06-14
AU,2021-08-02
AU,2021-10-04
AU,2021-12-27
AU,2021-12-28
AU,2022-01-03
AU,2022-01-26
AU,2022-04-15
AU,2022-04-18
AU,2022-04-25
AU,2022-06-13
AU,2022-08-01
AU,2022-09-22
AU,2022-10-03
AU,2022-12-26
AU,2022-12-27
AU,2023-01-02
AU,2023-01-26
AU,2023-04-07
AU,2023-04-10
AU,2023-04-25
AU,2023-06-12
AU,2023-08-07
AU,2023-10-02
AU,2023-12-25
AU,2023-12-26
AU,2024-01-01
AU,2024-01-26
AU,2024-03-29
AU,2024-04-01
AU,2024-04-25
AU,2024-06-10
AU,2024-08-05
AU,2024-10-07
AU,2024-12-25
AU,2024-12-26
AU,2025-01-01
AU,2025-01-27
AU,2025-04-18
AU,2025-04-21
AU,2025-04-25
AU,2025-06-09
AU,2025-08-04
AU,2025-10-06
AU,2025-12-25
AU,2025-12-26
AU,2026-01-01
AU,2026-01-26
AU,2026-04-03
AU,2026-04-06
AU,2026-06-08
AU,2026-08-03
AU,2026-10-05
AU,2026-12-25
AU,2026-12-28
AU,2027-01-01
AU,2027-01-26
AU,2027-03-26
AU,2027-03-29
AU,2027-06-14
AU,2027-08-02
AU,2027-10-04
AU,2027-12-27
AU,2027-12-28
AU,2028-01-03
AU,2028-01-26
AU,2028-04-14
AU,2028-04-17
AU,2028-04-25
AU,2028-06-12
AU,2028-08-07
AU,2028-10-02
AU,2028-12-25
AU,2028-12-26
AU,2029-01-01
AU,2029-01-26
AU,2029-03-30
AU,2029-04-02
AU,2029-04-25
AU,2029-06-11
AU,2029-08-06
AU,2029-10-01
AU,2029-12-25
AU,2029-12-26
AU,2030-01-01
AU,2030-01-28
AU,2030-04-19
AU,2030-04-22
AU,2030-04-25
AU,2030-06-10
AU,2030-08-05
AU,2030-10-07
AU,2030-12-25
AU,2030-12-26
BR,2000-03-06
BR,2000-03-07
BR,2000-04-21
BR,2000-05-01
BR,2000-06-22
BR,2000-09-07
BR,2000-10-12
BR,2000-11-02
BR,2000-11-15
BR,2000-12-25
BR,2001-01-01
BR,2001-02-26
BR,2001-02-27
BR,2001-04-13
BR,2001-05-01
BR,2001-06-14
BR,2001-09-07
BR,2001-10-12
BR,2001-11-02
BR,2001-11-15
BR,2001-12-25
BR,2002-01-01
BR,2002-02-11
BR,2002-02-12
BR,2002-03-29
BR,2002-05-01
BR,2002-05-30
BR,2002-11-15
BR,2002-12-25
BR,2003-01-01
BR,2003-03-03
BR,2003-03-04
BR,2003-04-18
BR,2003-04-21
BR,2003-05-01
BR,2003-06-19
BR,2003-12-25
BR,2004-01-01
BR,2004-02-23
BR,2004-02-24
BR,2004-04-09
BR,2004-04-21
BR,2004-06-10
BR,2004-09-07
BR,2004-10-12
BR,2004-11-02
BR,2004-11-15
BR,2005-02-07
BR,2005-02-08
BR,2005-03-25
BR,2005-04-21
BR,2005-05-26
BR,2005-09-07
BR,2005-10-12
BR,2005-11-02
BR,2005-11-15
BR,2006-02-27
BR,2006-02-28
BR,2006-04-14
BR,2006-04-21
BR,2006-05-01
BR,2006-06-15
BR,2006-09-07
BR,2006-10-12
BR,2006-11-02
BR,2006-11-15
BR,2006-12-25
BR,2007-01-01
BR,2007-02-19
BR,2007-02-20
BR,2007-04-06
BR,2007-05-01
BR,2007-06-07
BR,2007-09-07
BR,2007-10-12
BR,2007-11-02
BR,2007-11-15
BR,2007-12-25
BR,2008-01-01
BR,2008-02-04
BR,2008-02-05
BR,2008-03-21
BR,2008-04-21
BR,2008-05-01
BR,2008-05-22
BR,2008-12-25
BR,2009-01-01
BR,2009-02-23
BR,2009-02-24
BR,2009-04-10
BR,2009-04-21
BR,2009-05-01
BR,2009-06-11
BR,2009-09-07
BR,2009-10-12
BR,2009-11-02
BR,2009-12-25
BR,2010-01-01
BR,2010-02-15
BR,2010-02-16
BR,2010-04-02
BR,2010-04-21
BR,2010-06-03
BR,2010-09-07
BR,2010-10-12
BR,2010-11-02
BR,2010-11-15
BR,2011-03-07
BR,2011-03-08
BR,2011-04-21
BR,2011-04-22
BR,2011-06-23
BR,2011-09-07
BR,2011-10-12
BR,2011-11-02
BR,2011-11-15
BR,2012-02-20
BR,2012-02-21
BR,2012-04-06
BR,2012-05-01
BR,2012-06-07
BR,2012-09-07
BR,2012-10-12
BR,2012-11-02
BR,2012-11-15
BR,2012-12-25
BR,2013-01-01
BR,2013-02-11
BR,2013-02-12
BR,2013-03-29
BR,2013-05-01
BR,2013-05-30
BR,2013-11-15
BR,2013-12-25
BR,2014-01-01
BR,2014-03-03
BR,2014-03-04
BR,2014-04-18
BR,2014-04-21
BR,2014-05-01
BR,2014-06-19
BR,2014-12-25
BR,2015-01-01
BR,2015-02-16
BR,2015-02-17
BR,2015-04-03
BR,2015-04-21
BR,2015-05-01
BR,2015-06-04
BR,2015-09-07
BR,2015-10-12
BR,2015-11-02
BR,2015-12-25
BR,2016-01-01
BR,2016-02-08
BR,2016-02-09
BR,2016-03-25
BR,2016-04-21
BR,2016-05-26
BR,2016-09-07
BR,2016-10-12
BR,2016-11-02
BR,2016-11-15
BR,2017-02-27
BR,2017-02-28
BR,2017-04-14
BR,2017-04-21
BR,2017-05-01
BR,2017-06-15
BR,2017-09-07
BR,2017-10-12
BR,2017-11-02
BR,2017-11-15
BR,2017-12-25
BR,2018-01-01
BR,2018-02-12
BR,2018-02-13
BR,2018-03-30
BR,2018-05-01
BR,2018-05-31
BR,2018-09-07
BR,2018-10-12
BR,2018-11-02
BR,2018-11-15
BR,2018-12-25
BR,2019-01-01
BR,2019-03-04
BR,2019-03-05
BR,2019-04-19
BR,2019-05-01
BR,2019-06-20
BR,2019-11-15
BR,2019-12-25
BR,2020-01-01
BR,2020-02-24
BR,2020-02-25
BR,2020-04-10
BR,2020-04-21
BR,2020-05-01
BR,2020-06-11
BR,2020-09-07
BR,2020-10-12
BR,2020-11-02
BR,2020-12-25
BR,2021-01-01
BR,2021-02-15
BR,2021-02-16
BR,2021-04-02
BR,2021-04-21
BR,2021-06-03
BR,2021-09-07
BR,2021-10-12
BR,2021-11-02
BR,2021-11-15
BR,2022-02-28
BR,2022-03-01
BR,2022-04-15
BR,2022-04-21
BR,2022-06-16
BR,2022-09-07
BR,2022-10-12
BR,2022-11-02
BR,2022-11-15
BR,2023-02-20
BR,2023-02-21
BR,2023-04-07
BR,2023-04-21
BR,2023-05-01
BR,2023-06-08
BR,2023-09-07
BR,2023-10-12
BR,2023-11-02
BR,2023-11-15
BR,2023-12-25
BR,2024-01-01
BR,2024-02-12
BR,2024-02-13
BR,2024-03-29
BR,2024-05-01
BR,2024-05-30
BR,2024-11-15
BR,2024-11-20
BR,2024-12-25
BR,2025-01-01
BR,2025-03-03
BR,2025-03-04
BR,2025-04-18
BR,2025-04-21
BR,2025-05-01
BR,2025-06-19
BR,2025-11-20
BR,2025-12-25
BR,2026-01-01
BR,2026-02-16
BR,2026-02-17
BR,2026-04-03
BR,2026-04-21
BR,2026-05-01
BR,2026-06-04
BR,2026-09-07
BR,2026-10-12
BR,2026-11-02
BR,2026-11-20
BR,2026-12-25
BR,2027-01-01
BR,2027-02-08
BR,2027-02-09
BR,2027-03-26
BR,2027-04-21
BR,2027-05-27
BR,2027-09-07
BR,2027-10-12
BR,2027-11-02
BR,2027-11-15
BR,2028-02-28
BR,2028-02-29
BR,2028-04-14
BR,2028-04-21
BR,2028-05-01
BR,2028-06-15
BR,2028-09-07
BR,2028-10-12
BR,2028-11-02
BR,2028-11-15
BR,2028-11-20
BR,2028-12-25
BR,2029-01-01
BR,2029-02-12
BR,2029-02-13
BR,2029-03-30
BR,2029-05-01
BR,2029-05-31
BR,2029-09-07
BR,2029-10-12
BR,2029-11-02
BR,2029-11-15
BR,2029-11-20
BR,2029-12-25
BR,2030-01-01
BR,2030-03-04
BR,2030-03-05
BR,2030-04-19
BR,2030-05-01
BR,2030-06-20
BR,2030-11-15
BR,2030-11-20
BR,2030-12-25
BW,2000-04-21
BW,2000-04-24
BW,2000-05-01
BW,2000-06-01
BW,2000-07-17
BW,2000-10-02
BW,2000-10-03
BW,2000-12-25
BW,2000-12-26
BW,2001-01-01
BW,2001-04-13
BW,2001-04-16
BW,2001-05-01
BW,2001-05-24
BW,2001-07-02
BW,2001-07-16
BW,2001-10-01
BW,2001-12-25
BW,2001-12-26
BW,2002-01-01
BW,2002-03-29
BW,2002-04-01
BW,2002-05-01
BW,2002-05-09
BW,2002-07-01
BW,2002-07-15
BW,2002-09-30
BW,2002-10-01
BW,2002-12-25
BW,2002-12-26
BW,2003-01-01
BW,2003-04-18
BW,2003-04-21
BW,2003-05-01
BW,2003-05-29
BW,2003-07-01
BW,2003-07-21
BW,2003-09-30
BW,2003-10-01
BW,2003-12-25
BW,2003-12-26
BW,2004-01-01
BW,2004-04-09
BW,2004-04-12
BW,2004-05-20
BW,2004-07-01
BW,2004-07-19
BW,2004-09-30
BW,2004-10-01
BW,2004-12-27
BW,2005-03-25
BW,2005-03-28
BW,2005-05-02
BW,2005-05-05
BW,2005-07-01
BW,2005-07-18
BW,2005-09-30
BW,2005-12-26
BW,2006-01-02
BW,2006-01-03
BW,2006-04-14
BW,2006-04-17
BW,2006-05-01
BW,2006-05-25
BW,2006-07-17
BW,2006-10-02
BW,2006-10-03
BW,2006-12-25
BW,2006-12-26
BW,2007-01-01
BW,2007-04-06
BW,2007-04-09
BW,2007-05-01
BW,2007-05-17
BW,2007-07-02
BW,2007-07-16
BW,2007-10-01
BW,2007-12-25
BW,2007-12-26
BW,2008-01-01
BW,2008-03-21
BW,2008-03-24
BW,2008-05-01
BW,2008-07-01
BW,2008-07-21
BW,2008-09-30
BW,2008-10-01
BW,2008-12-25
BW,2008-12-26
BW,2009-01-01
BW,2009-04-10
BW,2009-04-13
BW,2009-05-01
BW,2009-05-21
BW,2009-07-01
BW,2009-07-20
BW,2009-09-30
BW,2009-10-01
BW,2009-12-25
BW,2010-01-01
BW,2010-04-02
BW,2010-04-05
BW,2010-05-13
BW,2010-07-01
BW,2010-07-19
BW,2010-09-30
BW,2010-10-01
BW,2010-12-27
BW,2011-04-22
BW,2011-04-25
BW,2011-05-02
BW,2011-06-02
BW,2011-07-01
BW,2011-07-18
BW,2011-09-30
BW,2011-12-26
BW,2012-01-02
BW,2012-01-03
BW,2012-04-06
BW,2012-04-09
BW,2012-05-01
BW,2012-05-17
BW,2012-07-02
BW,2012-07-16
BW,2012-10-01
BW,2012-12-25
BW,2012-12-26
BW,2013-01-01
BW,2013-03-29
BW,2013-04-01
BW,2013-05-01
BW,2013-05-09
BW,2013-07-01
BW,2013-07-15
BW,2013-09-30
BW,2013-10-01
BW,2013-12-25
BW,2013-12-26
BW,2014-01-01
BW,2014-04-18
BW,2014-04-21
BW,2014-05-01
BW,2014-05-29
BW,2014-07-01
BW,2014-07-21
BW,2014-09-30
BW,2014-10-01
BW,2014-12-25
BW,2014-12-26
BW,2015-01-01
BW,2015-04-03
BW,2015-04-06
BW,2015-05-01
BW,2015-05-14
BW,2015-07-01
BW,2015-07-20
BW,2015-09-30
BW,2015-10-01
BW,2015-12-25
BW,2016-01-01
BW,2016-03-25
BW,2016-03-28
BW,2016-05-02
BW,2016-05-05
BW,2016-07-01
BW,2016-07-18
BW,2016-09-30
BW,2016-12-26
BW,2017-01-02
BW,2017-01-03
BW,2017-04-14
BW,2017-04-17
BW,2017-05-01
BW,2017-05-25
BW,2017-07-17
BW,2017-10-02
BW,2017-10-03
BW,2017-12-25
BW,2017-12-26
BW,2018-01-01
BW,2018-03-30
BW,2018-04-02
BW,2018-05-01
BW,2018-05-10
BW,2018-07-02
BW,2018-07-16
BW,2018-10-01
BW,2018-12-25
BW,2018-12-26
BW,2019-01-01
BW,2019-04-19
BW,2019-04-22
BW,2019-05-01
BW,2019-05-30
BW,2019-07-01
BW,2019-07-15
BW,2019-09-30
BW,2019-10-01
BW,2019-12-25
BW,2019-12-26
BW,2020-01-01
BW,2020-04-10
BW,2020-04-13
BW,2020-05-01
BW,2020-05-21
BW,2020-07-01
BW,2020-07-20
BW,2020-09-30
BW,2020-10-01
BW,2020-12-25
BW,2021-01-01
BW,2021-04-02
BW,2021-04-05
BW,2021-05-13
BW,2021-07-01
BW,2021-07-19
BW,2021-09-30
BW,2021-10-01
BW,2021-12-27
BW,2022-04-15
BW,2022-04-18
BW,2022-05-02
BW,2022-05-26
BW,2022-07-01
BW,2022-07-18
BW,2022-09-30
BW,2022-12-26
BW,2023-01-02
BW,2023-01-03
BW,2023-04-07
BW,2023-04-10
BW,2023-05-01
BW,2023-05-18
BW,2023-07-17
BW,2023-10-02
BW,2023-10-03
BW,2023-12-25
BW,2023-12-26
BW,2024-01-01
BW,2024-03-29
BW,2024-04-01
BW,2024-05-01
BW,2024-05-09
BW,2024-07-01
BW,2024-07-15
BW,2024-09-30
BW,2024-10-01
BW,2024-12-25
BW,2024-12-26
BW,2025-01-01
BW,2025-04-18
BW,2025-04-21
BW,2025-05-01
BW,2025-05-29
BW,2025-07-01
BW,2025-07-21
BW,2025-09-30
BW,2025-10-01
BW,2025-12-25
BW,2025-12-26
BW,2026-01-01
BW,2026-04-03
BW,2026-04-06
BW,2026-05-01
BW,2026-05-14
BW,2026-07-01
BW,2026-07-20
BW,2026-09-30
BW,2026-10-01
BW,2026-12-25
BW,2027-01-01
BW,2027-03-26
BW,2027-03-29
BW,2027-05-06
BW,2027-07-01
BW,2027-07-19
BW,2027-09-30
BW,2027-10-01
BW,2027-12-27
BW,2028-04-14
BW,2028-04-17
BW,2028-05-01
BW,2028-05-25
BW,2028-07-17
BW,2028-10-02
BW,2028-10-03
BW,2028-12-25
BW,2028-12-26
BW,2029-01-01
BW,2029-03-30
BW,2029-04-02
BW,2029-05-01
BW,2029-05-10
BW,2029-07-02
BW,2029-07-16
BW,2029-10-01
BW,2029-12-25
BW,2029-12-26
BW,2030-01-01
BW,2030-04-19
BW,2030-04-22
BW,2030-05-01
BW,2030-05-30
BW,2030-07-01
BW,2030-07-15
BW,2030-09-30
BW,2030-10-01
BW,2030-12-25
BW,2030-12-26
CA,2000-01-03
CA,2000-04-21
CA,2000-05-22
CA,2000-07-03
CA,2000-08-07
CA,2000-09-04
CA,2000-10-09
CA,2000-11-13
CA,2000-12-25
CA,2000-12-26
CA,2001-01-01
CA,2001-04-13
CA,2001-05-21
CA,2001-07-02
CA,2001-08-06
CA,2001-09-03
CA,2001-10-08
CA,2001-11-12
CA,2001-12-25
CA,2001-12-26
CA,2002-01-01
CA,2002-03-29
CA,2002-05-20
CA,2002-07-01
CA,2002-08-05
CA,2002-09-02
CA,2002-10-14
CA,2002-11-11
CA,2002-12-25
CA,2002-12-26
CA,2003-01-01
CA,2003-04-18
CA,2003-05-19
CA,2003-07-01
CA,2003-08-04
CA,2003-09-01
CA,2003-10-13
CA,2003-11-11
CA,2003-12-25
CA,2003-12-26
CA,2004-01-01
CA,2004-04-09
CA,2004-05-24
CA,2004-07-01
CA,2004-08-02
CA,2004-09-06
CA,2004-10-11
CA,2004-11-11
CA,2004-12-27
CA,2004-12-28
CA,2005-01-03
CA,2005-03-25
CA,2005-05-23
CA,2005-07-01
CA,2005-08-01
CA,2005-09-05
CA,2005-10-10
CA,2005-11-11
CA,2005-12-26
CA,2005-12-27
CA,2006-01-02
CA,2006-04-14
CA,2006-05-22
CA,2006-07-03
CA,2006-08-07
CA,2006-09-04
CA,2006-10-09
CA,2006-11-13
CA,2006-12-25
CA,2006-12-26
CA,2007-01-01
CA,2007-04-06
CA,2007-05-21
CA,2007-07-02
CA,2007-08-06
CA,2007-09-03
CA,2007-10-08
CA,2007-11-12
CA,2007-12-25
CA,2007-12-26
CA,2008-01-01
CA,2008-02-18
CA,2008-03-21
CA,2008-05-19
CA,2008-07-01
CA,2008-08-04
CA,2008-09-01
CA,2008-10-13
CA,2008-11-11
CA,2008-12-25
CA,2008-12-26
CA,2009-01-01
CA,2009-02-16
CA,2009-04-10
CA,2009-05-18
CA,2009-07-01
CA,2009-08-03
CA,2009-09-07
CA,2009-10-12
CA,2009-11-11
CA,2009-12-25
CA,2009-12-28
CA,2010-01-01
CA,2010-02-15
CA,2010-04-02
CA,2010-05-24
CA,2010-07-01
CA,2010-08-02
CA,2010-09-06
CA,2010-10-11
CA,2010-11-11
CA,2010-12-27
CA,2010-12-28
CA,2011-01-03
CA,2011-02-21
CA,2011-04-22
CA,2011-05-23
CA,2011-07-01
CA,2011-08-01
CA,2011-09-05
CA,2011-10-10
CA,2011-11-11
CA,2011-12-26
CA,2011-12-27
CA,2012-01-02
CA,2012-02-20
CA,2012-04-06
CA,2012-05-21
CA,2012-07-02
CA,2012-08-06
CA,2012-09-03
CA,2012-10-08
CA,2012-11-12
CA,2012-12-25
CA,2012-12-26
CA,2013-01-01
CA,2013-02-18
CA,2013-03-29
CA,2013-05-20
CA,2013-07-01
CA,2013-08-05
CA,2013-09-02
CA,2013-10-14
CA,2013-11-11
CA,2013-12-25
CA,2013-12-26
CA,2014-01-01
CA,2014-02-17
CA,2014-04-18
CA,2014-05-19
CA,2014-07-01
CA,2014-08-04
CA,2014-09-01
CA,2014-10-13
CA,2014-11-11
CA,2014-12-25
CA,2014-12-26
CA,2015-01-01
CA,2015-02-16
CA,2015-04-03
CA,2015-05-18
CA,2015-07-01
CA,2015-08-03
CA,2015-09-07
CA,2015-10-12
CA,2015-11-11
CA,2015-12-25
CA,2015-12-28
CA,2016-01-01
CA,2016-02-15
CA,2016-03-25
CA,2016-05-23
CA,2016-07-01
CA,2016-08-01
CA,2016-09-05
CA,2016-10-10
CA,2016-11-11
CA,2016-12-26
CA,2016-12-27
CA,2017-01-02
CA,2017-02-20
CA,2017-04-14
CA,2017-05-22
CA,2017-07-03
CA,2017-08-07
CA,2017-09-04
CA,2017-10-09
CA,2017-11-13
CA,2017-12-25
CA,2017-12-26
CA,2018-01-01
CA,2018-02-19
CA,2018-03-30
CA,2018-05-21
CA,2018-07-02
CA,2018-08-06
CA,2018-09-03
CA,2018-10-08
CA,2018-11-12
CA,2018-12-25
CA,2018-12-26
CA,2019-01-01
CA,2019-02-18
CA,2019-04-19
CA,2019-05-20
CA,2019-07-01
CA,2019-08-05
CA,2019-09-02
CA,2019-10-14
CA,2019-11-11
CA,2019-12-25
CA,2019-12-26
CA,2020-01-01
CA,2020-02-17
CA,2020-04-10
CA,2020-05-18
CA,2020-07-01
CA,2020-08-03
CA,2020-09-07
CA,2020-10-12
CA,2020-11-11
CA,2020-12-25
CA,2020-12-28
CA,2021-01-01
CA,2021-02-15
CA,2021-04-02
CA,2021-05-24
CA,2021-07-01
CA,2021-08-02
CA,2021-09-06
CA,2021-09-30
CA,2021-10-11
CA,2021-11-11
CA,2021-12-27
CA,2021-12-28
CA,2022-01-03
CA,2022-02-21
CA,2022-04-15
CA,2022-05-23
CA,2022-07-01
CA,2022-08-01
CA,2022-09-05
CA,2022-09-30
CA,2022-10-10
CA,2022-11-11
CA,2022-12-26
CA,2022-12-27
CA,2023-01-02
CA,2023-02-20
CA,2023-04-07
CA,2023-05-22
CA,2023-07-03
CA,2023-08-07
CA,2023-09-04
CA,2023-10-02
CA,2023-10-09
CA,2023-11-13
CA,2023-12-25
CA,2023-12-26
CA,2024-01-01
CA,2024-02-19
CA,2024-03-29
CA,2024-05-20
CA,2024-07-01
CA,2024-08-05
CA,2024-09-02
CA,2024-09-30
CA,2024-10-14
CA,2024-11-11
CA,2024-12-25
CA,2024-12-26
CA,2025-01-01
CA,2025-02-17
CA,2025-04-18
CA,2025-05-19
CA,2025-07-01
CA,2025-08-04
CA,2025-09-01
CA,2025-09-30
CA,2025-10-13
CA,2025-11-11
CA,2025-12-25
CA,2025-12-26
CA,2026-01-01
CA,2026-02-16
CA,2026-04-03
CA,2026-05-18
CA,2026-07-01
CA,2026-08-03
CA,2026-09-07
CA,2026-09-30
CA,2026-10-12
CA,2026-11-11
CA,2026-12-25
CA,2026-12-28
CA,2027-01-01
CA,2027-02-15
CA,2027-03-26
CA,2027-05-24
CA,2027-07-01
CA,2027-08-02
CA,2027-09-06
CA,2027-09-30
CA,2027-10-11
CA,2027-11-11
CA,2027-12-27
CA,2027-12-28
CA,2028-01-03
CA,2028-02-21
CA,2028-04-14
CA,2028-05-22
CA,2028-07-03
CA,2028-08-07
CA,2028-09-04
CA,2028-10-02
CA,2028-10-09
CA,2028-11-13
CA,2028-12-25
CA,2028-12-26
CA,2029-01-01
CA,2029-02-19
CA,2029-03-30
CA,2029-05-21
CA,2029-07-02
CA,2029-08-06
CA,2029-09-03
CA,2029-10-01
CA,2029-10-08
CA,2029-11-12
CA,2029-12-25
CA,2029-12-26
CA,2030-01-01
CA,2030-02-18
CA,2030-04-19
CA,2030-05-20
CA,2030-07-01
CA,2030-08-05
CA,2030-09-02
CA,2030-09-30
CA,2030-10-14
CA,2030-11-11
CA,2030-12-25
CA,2030-12-26
CH,2000-04-21
CH,2000-04-24
CH,2000-05-01
CH,2000-06-01
CH,2000-06-12
CH,2000-08-01
CH,2000-12-25
CH,2000-12-26
CH,2001-01-01
CH,2001-01-02
CH,2001-04-13
CH,2001-04-16
CH,2001-05-01
CH,2001-05-24
CH,2001-06-04
CH,2001-08-01
CH,2001-12-24
CH,2001-12-25
CH,2001-12-26
CH,2001-12-31
CH,2002-01-01
CH,2002-01-02
CH,2002-03-29
CH,2002-04-01
CH,2002-05-01
CH,2002-05-09
CH,2002-05-20
CH,2002-08-01
CH,2002-12-24
CH,2002-12-25
CH,2002-12-26
CH,2002-12-31
CH,2003-01-01
CH,2003-01-02
CH,2003-04-18
CH,2003-04-21
CH,2003-05-01
CH,2003-05-29
CH,2003-06-09
CH,2003-08-01
CH,2003-12-24
CH,2003-12-25
CH,2003-12-26
CH,2003-12-31
CH,2004-01-01
CH,2004-01-02
CH,2004-04-09
CH,2004-04-12
CH,2004-05-20
CH,2004-05-31
CH,2004-12-24
CH,2004-12-31
CH,2005-03-25
CH,2005-03-28
CH,2005-05-05
CH,2005-05-16
CH,2005-08-01
CH,2005-12-26
CH,2006-01-02
CH,2006-04-14
CH,2006-04-17
CH,2006-05-01
CH,2006-05-25
CH,2006-06-05
CH,2006-08-01
CH,2006-12-25
CH,2006-12-26
CH,2007-01-01
CH,2007-01-02
CH,2007-04-06
CH,2007-04-09
CH,2007-05-01
CH,2007-05-17
CH,2007-05-28
CH,2007-08-01
CH,2007-12-24
CH,2007-12-25
CH,2007-12-26
CH,2007-12-31
CH,2008-01-01
CH,2008-01-02
CH,2008-03-21
CH,2008-03-24
CH,2008-05-01
CH,2008-05-12
CH,2008-08-01
CH,2008-12-24
CH,2008-12-25
CH,2008-12-26
CH,2008-12-31
CH,2009-01-01
CH,2009-01-02
CH,2009-04-10
CH,2009-04-13
CH,2009-05-01
CH,2009-05-21
CH,2009-06-01
CH,2009-12-24
CH,2009-12-25
CH,2009-12-31
CH,2010-01-01
CH,2010-04-02
CH,2010-04-05
CH,2010-05-13
CH,2010-05-24
CH,2010-12-24
CH,2010-12-31
CH,2011-04-22
CH,2011-04-25
CH,2011-06-02
CH,2011-06-13
CH,2011-08-01
CH,2011-12-26
CH,2012-01-02
CH,2012-04-06
CH,2012-04-09
CH,2012-05-01
CH,2012-05-17
CH,2012-05-28
CH,2012-08-01
CH,2012-12-24
CH,2012-12-25
CH,2012-12-26
CH,2012-12-31
CH,2013-01-01
CH,2013-01-02
CH,2013-03-29
CH,2013-04-01
CH,2013-05-01
CH,2013-05-09
CH,2013-05-20
CH,2013-08-01
CH,2013-12-24
CH,2013-12-25
CH,2013-12-26
CH,2013-12-31
CH,2014-01-01
CH,2014-01-02
CH,2014-04-18
CH,2014-04-21
CH,2014-05-01
CH,2014-05-29
CH,2014-06-09
CH,2014-08-01
CH,2014-12-24
CH,2014-12-25
CH,2014-12-26
CH,2014-12-31
CH,2015-01-01
CH,2015-01-02
CH,2015-04-03
CH,2015-04-06
CH,2015-05-01
CH,2015-05-14
CH,2015-05-25
CH,2015-12-24
CH,2015-12-25
CH,2015-12-31
CH,2016-01-01
CH,2016-03-25
CH,2016-03-28
CH,2016-05-05
CH,2016-05-16
CH,2016-08-01
CH,2016-12-26
CH,2017-01-02
CH,2017-04-14
CH,2017-04-17
CH,2017-05-01
CH,2017-05-25
CH,2017-06-05
CH,2017-08-01
CH,2017-12-25
CH,2017-12-26
CH,2018-01-01
CH,2018-01-02
CH,2018-03-30
CH,2018-04-02
CH,2018-05-01
CH,2018-05-10
CH,2018-05-21
CH,2018-08-01
CH,2018-12-24
CH,2018-12-25
CH,2018-12-26
CH,2018-12-31
CH,2019-01-01
CH,2019-01-02
CH,2019-04-19
CH,2019-04-22
CH,2019-05-01
CH,2019-05-30
CH,2019-06-10
CH,2019-08-01
CH,2019-12-24
CH,2019-12-25
CH,2019-12-26
CH,2019-12-31
CH,2020-01-01
CH,2020-01-02
CH,2020-04-10
CH,2020-04-13
CH,2020-05-01
CH,2020-05-21
CH,2020-06-01
CH,2020-12-24
CH,2020-12-25
CH,2020-12-31
CH,2021-01-01
CH,2021-04-02
CH,2021-04-05
CH,2021-05-13
CH,2021-05-24
CH,2021-12-24
CH,2021-12-31
CH,2022-04-15
CH,2022-04-18
CH,2022-05-26
CH,2022-06-06
CH,2022-08-01
CH,2022-12-26
CH,2023-01-02
CH,2023-04-07
CH,2023-04-10
CH,2023-05-01
CH,2023-05-18
CH,2023-05-29
CH,2023-08-01
CH,2023-12-25
CH,2023-12-26
CH,2024-01-01
CH,2024-01-02
CH,2024-03-29
CH,2024-04-01
CH,2024-05-01
CH,2024-05-09
CH,2024-05-20
CH,2024-08-01
CH,2024-12-24
CH,2024-12-25
CH,2024-12-26
CH,2024-12-31
CH,2025-01-01
CH,2025-01-02
CH,2025-04-18
CH,2025-04-21
CH,2025-05-01
CH,2025-05-29
CH,2025-06-09
CH,2025-08-01
CH,2025-12-24
CH,2025-12-25
CH,2025-12-26
CH,2025-12-31
CH,2026-01-01
CH,2026-01-02
CH,2026-04-03
CH,2026-04-06
CH,2026-05-01
CH,2026-05-14
CH,2026-05-25
CH,2026-12-24
CH,2026-12-25
CH,2026-12-31
CH,2027-01-01
CH,2027-03-26
CH,2027-03-29
CH,2027-05-06
CH,2027-05-17
CH,2027-12-24
CH,2027-12-31
CH,2028-04-14
CH,2028-04-17
CH,2028-05-01
CH,2028-05-25
CH,2028-06-05
CH,2028-08-01
CH,2028-12-25
CH,2028-12-26
CH,2029-01-01
CH,2029-01-02
CH,2029-03-30
CH,2029-04-02
CH,2029-05-01
CH,2029-05-10
CH,2029-05-21
CH,2029-08-01
CH,2029-12-24
CH,2029-12-25
CH,2029-12-26
CH,2029-12-31
CH,2030-01-01
CH,2030-01-02
CH,2030-04-19
CH,2030-04-22
CH,2030-05-01
CH,2030-05-30
CH,2030-06-10
CH,2030-08-01
CH,2030-12-24
CH,2030-12-25
CH,2030-12-26
CH,2030-12-31
CL,2000-04-21
CL,2000-05-01
CL,2000-06-26
CL,2000-08-15
CL,2000-09-18
CL,2000-09-19
CL,2000-10-09
CL,2000-11-01
CL,2000-12-08
CL,2000-12-25
CL,2001-01-01
CL,2001-04-13
CL,2001-05-01
CL,2001-05-21
CL,2001-07-02
CL,2001-07-16
CL,2001-08-15
CL,2001-09-18
CL,2001-09-19
CL,2001-10-15
CL,2001-11-01
CL,2001-12-25
CL,2002-01-01
CL,2002-03-29
CL,2002-05-01
CL,2002-05-21
CL,2002-07-16
CL,2002-08-15
CL,2002-09-18
CL,2002-09-19
CL,2002-11-01
CL,2002-12-25
CL,2003-01-01
CL,2003-04-18
CL,2003-05-01
CL,2003-05-21
CL,2003-07-16
CL,2003-08-15
CL,2003-09-18
CL,2003-09-19
CL,2003-12-08
CL,2003-12-25
CL,2004-01-01
CL,2004-04-09
CL,2004-05-21
CL,2004-06-28
CL,2004-07-16
CL,2004-10-11
CL,2004-11-01
CL,2004-12-08
CL,2005-03-25
CL,2005-06-27
CL,2005-08-15
CL,2005-09-19
CL,2005-10-10
CL,2005-11-01
CL,2005-12-08
CL,2006-04-14
CL,2006-05-01
CL,2006-06-26
CL,2006-08-15
CL,2006-09-18
CL,2006-09-19
CL,2006-10-09
CL,2006-11-01
CL,2006-12-08
CL,2006-12-25
CL,2007-01-01
CL,2007-04-06
CL,2007-05-01
CL,2007-05-21
CL,2007-07-02
CL,2007-07-16
CL,2007-08-15
CL,2007-09-17
CL,2007-09-18
CL,2007-09-19
CL,2007-10-15
CL,2007-11-01
CL,2007-12-25
CL,2008-01-01
CL,2008-03-21
CL,2008-05-01
CL,2008-05-21
CL,2008-07-16
CL,2008-08-15
CL,2008-09-18
CL,2008-09-19
CL,2008-10-31
CL,2008-12-08
CL,2008-12-25
CL,2009-01-01
CL,2009-04-10
CL,2009-05-01
CL,2009-05-21
CL,2009-06-29
CL,2009-07-16
CL,2009-09-18
CL,2009-10-12
CL,2009-12-08
CL,2009-12-25
CL,2010-01-01
CL,2010-04-02
CL,2010-05-21
CL,2010-06-28
CL,2010-07-16
CL,2010-10-11
CL,2010-11-01
CL,2010-12-08
CL,2011-04-22
CL,2011-06-27
CL,2011-08-15
CL,2011-09-19
CL,2011-10-10
CL,2011-10-31
CL,2011-11-01
CL,2011-12-08
CL,2012-04-06
CL,2012-05-01
CL,2012-05-21
CL,2012-07-02
CL,2012-07-16
CL,2012-08-15
CL,2012-09-17
CL,2012-09-18
CL,2012-09-19
CL,2012-10-15
CL,2012-11-01
CL,2012-11-02
CL,2012-12-25
CL,2013-01-01
CL,2013-03-29
CL,2013-05-01
CL,2013-05-21
CL,2013-07-16
CL,2013-08-15
CL,2013-09-18
CL,2013-09-19
CL,2013-09-20
CL,2013-10-31
CL,2013-11-01
CL,2013-12-25
CL,2014-01-01
CL,2014-04-18
CL,2014-05-01
CL,2014-05-21
CL,2014-07-16
CL,2014-08-15
CL,2014-09-18
CL,2014-09-19
CL,2014-10-31
CL,2014-12-08
CL,2014-12-25
CL,2015-01-01
CL,2015-04-03
CL,2015-05-01
CL,2015-05-21
CL,2015-06-29
CL,2015-07-16
CL,2015-09-18
CL,2015-10-12
CL,2015-12-08
CL,2015-12-25
CL,2016-01-01
CL,2016-03-25
CL,2016-06-27
CL,2016-08-15
CL,2016-09-19
CL,2016-10-10
CL,2016-10-31
CL,2016-11-01
CL,2016-12-08
CL,2017-01-02
CL,2017-04-14
CL,2017-05-01
CL,2017-06-26
CL,2017-08-15
CL,2017-09-18
CL,2017-09-19
CL,2017-10-09
CL,2017-10-27
CL,2017-11-01
CL,2017-12-08
CL,2017-12-25
CL,2018-01-01
CL,2018-03-30
CL,2018-05-01
CL,2018-05-21
CL,2018-07-02
CL,2018-07-16
CL,2018-08-15
CL,2018-09-17
CL,2018-09-18
CL,2018-09-19
CL,2018-10-15
CL,2018-11-01
CL,2018-11-02
CL,2018-12-25
CL,2019-01-01
CL,2019-04-19
CL,2019-05-01
CL,2019-05-21
CL,2019-07-16
CL,2019-08-15
CL,2019-09-18
CL,2019-09-19
CL,2019-09-20
CL,2019-10-31
CL,2019-11-01
CL,2019-12-25
CL,2020-01-01
CL,2020-04-10
CL,2020-05-01
CL,2020-05-21
CL,2020-06-29
CL,2020-07-16
CL,2020-09-18
CL,2020-10-12
CL,2020-12-08
CL,2020-12-25
CL,2021-01-01
CL,2021-04-02
CL,2021-05-21
CL,2021-06-21
CL,2021-06-28
CL,2021-07-16
CL,2021-09-17
CL,2021-10-11
CL,2021-11-01
CL,2021-12-08
CL,2022-04-15
CL,2022-06-21
CL,2022-06-27
CL,2022-08-15
CL,2022-09-19
CL,2022-10-10
CL,2022-10-31
CL,2022-11-01
CL,2022-12-08
CL,2023-01-02
CL,2023-04-07
CL,2023-05-01
CL,2023-06-21
CL,2023-06-26
CL,2023-08-15
CL,2023-09-18
CL,2023-09-19
CL,2023-10-09
CL,2023-10-27
CL,2023-11-01
CL,2023-12-08
CL,2023-12-25
CL,2024-01-01
CL,2024-03-29
CL,2024-05-01
CL,2024-05-21
CL,2024-06-21
CL,2024-07-16
CL,2024-08-15
CL,2024-09-18
CL,2024-09-19
CL,2024-09-20
CL,2024-10-31
CL,2024-11-01
CL,2024-12-25
CL,2025-01-01
CL,2025-04-18
CL,2025-05-01
CL,2025-05-21
CL,2025-07-16
CL,2025-08-15
CL,2025-09-18
CL,2025-09-19
CL,2025-10-31
CL,2025-12-08
CL,2025-12-25
CL,2026-01-01
CL,2026-04-03
CL,2026-05-01
CL,2026-05-21
CL,2026-06-29
CL,2026-07-16
CL,2026-09-18
CL,2026-10-12
CL,2026-12-08
CL,2026-12-25
CL,2027-01-01
CL,2027-03-26
CL,2027-05-21
CL,2027-06-21
CL,2027-06-28
CL,2027-07-16
CL,2027-09-17
CL,2027-10-11
CL,2027-11-01
CL,2027-12-08
CL,2028-04-14
CL,2028-05-01
CL,2028-06-21
CL,2028-06-26
CL,2028-08-15
CL,2028-09-18
CL,2028-09-19
CL,2028-10-09
CL,2028-10-27
CL,2028-11-01
CL,2028-12-08
CL,2028-12-25
CL,2029-01-01
CL,2029-03-30
CL,2029-05-01
CL,2029-05-21
CL,2029-06-21
CL,2029-07-02
CL,2029-07-16
CL,2029-08-15
CL,2029-09-17
CL,2029-09-18
CL,2029-09-19
CL,2029-10-15
CL,2029-11-01
CL,2029-11-02
CL,2029-12-25
CL,2030-01-01
CL,2030-04-19
CL,2030-05-01
CL,2030-05-21
CL,2030-06-21
CL,2030-07-16
CL,2030-08-15
CL,2030-09-18
CL,2030-09-19
CL,2030-09-20
CL,2030-10-31
CL,2030-11-01
CL,2030-12-25
CN,2000-04-04
CN,2000-05-01
CN,2000-05-02
CN,2000-05-03
CN,2000-05-04
CN,2000-05-05
CN,2000-06-09
CN,2000-09-15
CN,2000-10-02
CN,2000-10-03
CN,2000-10-04
CN,2000-10-05
CN,2000-10-06
CN,2001-01-01
CN,2001-04-04
CN,2001-05-01
CN,2001-05-02
CN,2001-05-03
CN,2001-05-04
CN,2001-05-07
CN,2001-10-01
CN,2001-10-02
CN,2001-10-03
CN,2001-10-04
CN,2001-10-05
CN,2002-01-01
CN,2002-04-04
CN,2002-05-01
CN,2002-05-02
CN,2002-05-03
CN,2002-05-06
CN,2002-05-07
CN,2002-10-01
CN,2002-10-02
CN,2002-10-03
CN,2002-10-04
CN,2002-10-07
CN,2003-01-01
CN,2003-04-04
CN,2003-05-01
CN,2003-05-02
CN,2003-05-05
CN,2003-05-06
CN,2003-05-07
CN,2003-06-09
CN,2003-09-15
CN,2003-10-01
CN,2003-10-02
CN,2003-10-03
CN,2003-10-06
CN,2003-10-07
CN,2004-01-01
CN,2004-01-19
CN,2004-01-20
CN,2004-01-21
CN,2004-01-22
CN,2004-01-23
CN,2004-01-26
CN,2004-01-27
CN,2004-01-28
CN,2004-05-03
CN,2004-05-04
CN,2004-05-05
CN,2004-05-06
CN,2004-05-07
CN,2004-06-09
CN,2004-09-15
CN,2004-10-01
CN,2004-10-04
CN,2004-10-05
CN,2004-10-06
CN,2004-10-07
CN,2005-01-03
CN,2005-02-07
CN,2005-02-08
CN,2005-02-09
CN,2005-02-10
CN,2005-02-11
CN,2005-02-14
CN,2005-02-15
CN,2005-04-04
CN,2005-05-02
CN,2005-05-03
CN,2005-05-04
CN,2005-05-05
CN,2005-05-06
CN,2005-06-09
CN,2005-09-15
CN,2005-10-03
CN,2005-10-04
CN,2005-10-05
CN,2005-10-06
CN,2005-10-07
CN,2006-01-02
CN,2006-01-03
CN,2006-01-26
CN,2006-01-27
CN,2006-01-30
CN,2006-01-31
CN,2006-02-01
CN,2006-02-02
CN,2006-02-03
CN,2006-04-04
CN,2006-05-01
CN,2006-05-02
CN,2006-05-03
CN,2006-05-04
CN,2006-05-05
CN,2006-06-09
CN,2006-09-15
CN,2006-10-02
CN,2006-10-03
CN,2006-10-04
CN,2006-10-05
CN,2006-10-06
CN,2007-01-01
CN,2007-01-02
CN,2007-01-03
CN,2007-02-19
CN,2007-02-20
CN,2007-02-21
CN,2007-02-22
CN,2007-02-23
CN,2007-04-04
CN,2007-05-01
CN,2007-05-02
CN,2007-05-03
CN,2007-05-04
CN,2007-05-07
CN,2007-10-01
CN,2007-10-02
CN,2007-10-03
CN,2007-10-04
CN,2007-10-05
CN,2007-12-31
CN,2008-01-01
CN,2008-02-06
CN,2008-02-07
CN,2008-02-08
CN,2008-02-11
CN,2008-02-12
CN,2008-04-04
CN,2008-05-01
CN,2008-05-02
CN,2008-06-09
CN,2008-09-15
CN,2008-09-29
CN,2008-09-30
CN,2008-10-01
CN,2008-10-02
CN,2008-10-03
CN,2009-01-01
CN,2009-01-02
CN,2009-01-26
CN,2009-01-27
CN,2009-01-28
CN,2009-01-29
CN,2009-01-30
CN,2009-04-06
CN,2009-05-01
CN,2009-05-28
CN,2009-05-29
CN,2009-10-01
CN,2009-10-02
CN,2009-10-05
CN,2009-10-06
CN,2009-10-07
CN,2009-10-08
CN,2010-01-01
CN,2010-02-15
CN,2010-02-16
CN,2010-02-17
CN,2010-02-18
CN,2010-02-19
CN,2010-04-05
CN,2010-05-03
CN,2010-06-14
CN,2010-06-15
CN,2010-06-16
CN,2010-09-22
CN,2010-09-23
CN,2010-09-24
CN,2010-10-01
CN,2010-10-04
CN,2010-10-05
CN,2010-10-06
CN,2010-10-07
CN,2011-01-03
CN,2011-02-02
CN,2011-02-03
CN,2011-02-04
CN,2011-02-07
CN,2011-02-08
CN,2011-04-04
CN,2011-04-05
CN,2011-05-02
CN,2011-06-06
CN,2011-09-12
CN,2011-10-03
CN,2011-10-04
CN,2011-10-05
CN,2011-10-06
CN,2011-10-07
CN,2012-01-02
CN,2012-01-03
CN,2012-01-23
CN,2012-01-24
CN,2012-01-25
CN,2012-01-26
CN,2012-01-27
CN,2012-04-02
CN,2012-04-03
CN,2012-04-04
CN,2012-04-30
CN,2012-05-01
CN,2012-06-22
CN,2012-10-01
CN,2012-10-02
CN,2012-10-03
CN,2012-10-04
CN,2012-10-05
CN,2013-01-01
CN,2013-01-02
CN,2013-01-03
CN,2013-02-11
CN,2013-02-12
CN,2013-02-13
CN,2013-02-14
CN,2013-02-15
CN,2013-04-04
CN,2013-04-05
CN,2013-04-29
CN,2013-04-30
CN,2013-05-01
CN,2013-06-10
CN,2013-06-11
CN,2013-06-12
CN,2013-09-19
CN,2013-09-20
CN,2013-10-01
CN,2013-10-02
CN,2013-10-03
CN,2013-10-04
CN,2013-10-07
CN,2014-01-01
CN,2014-01-31
CN,2014-02-03
CN,2014-02-04
CN,2014-02-05
CN,2014-02-06
CN,2014-04-07
CN,2014-05-01
CN,2014-05-02
CN,2014-06-02
CN,2014-09-08
CN,2014-10-01
CN,2014-10-02
CN,2014-10-03
CN,2014-10-06
CN,2014-10-07
CN,2015-01-01
CN,2015-01-02
CN,2015-02-18
CN,2015-02-19
CN,2015-02-20
CN,2015-02-23
CN,2015-02-24
CN,2015-04-06
CN,2015-05-01
CN,2015-06-22
CN,2015-09-03
CN,2015-09-04
CN,2015-10-01
CN,2015-10-02
CN,2015-10-05
CN,2015-10-06
CN,2015-10-07
CN,2016-01-01
CN,2016-02-08
CN,2016-02-09
CN,2016-02-10
CN,2016-02-11
CN,2016-02-12
CN,2016-04-04
CN,2016-05-02
CN,2016-06-09
CN,2016-06-10
CN,2016-09-15
CN,2016-09-16
CN,2016-10-03
CN,2016-10-04
CN,2016-10-05
CN,2016-10-06
CN,2016-10-07
CN,2017-01-02
CN,2017-01-27
CN,2017-01-30
CN,2017-01-31
CN,2017-02-01
CN,2017-02-02
CN,2017-04-03
CN,2017-04-04
CN,2017-05-01
CN,2017-05-29
CN,2017-05-30
CN,2017-10-02
CN,2017-10-03
CN,2017-10-04
CN,2017-10-05
CN,2017-10-06
CN,2018-01-01
CN,2018-02-15
CN,2018-02-16
CN,2018-02-19
CN,2018-02-20
CN,2018-02-21
CN,2018-04-05
CN,2018-04-06
CN,2018-04-30
CN,2018-05-01
CN,2018-06-18
CN,2018-09-24
CN,2018-10-01
CN,2018-10-02
CN,2018-10-03
CN,2018-10-04
CN,2018-10-05
CN,2018-12-31
CN,2019-01-01
CN,2019-02-04
CN,2019-02-05
CN,2019-02-06
CN,2019-02-07
CN,2019-02-08
CN,2019-04-05
CN,2019-05-01
CN,2019-05-02
CN,2019-05-03
CN,2019-06-07
CN,2019-09-13
CN,2019-10-01
CN,2019-10-02
CN,2019-10-03
CN,2019-10-04
CN,2019-10-07
CN,2020-01-01
CN,2020-01-24
CN,2020-01-27
CN,2020-01-28
CN,2020-01-29
CN,2020-01-30
CN,2020-01-31
CN,2020-04-06
CN,2020-05-01
CN,2020-05-04
CN,2020-05-05
CN,2020-06-25
CN,2020-06-26
CN,2020-10-01
CN,2020-10-02
CN,2020-10-05
CN,2020-10-06
CN,2020-10-07
CN,2020-10-08
CN,2021-01-01
CN,2021-02-11
CN,2021-02-12
CN,2021-02-15
CN,2021-02-16
CN,2021-02-17
CN,2021-04-05
CN,2021-05-03
CN,2021-05-04
CN,2021-05-05
CN,2021-06-14
CN,2021-09-20
CN,2021-09-21
CN,2021-10-01
CN,2021-10-04
CN,2021-10-05
CN,2021-10-06
CN,2021-10-07
CN,2022-01-03
CN,2022-01-31
CN,2022-02-01
CN,2022-02-02
CN,2022-02-03
CN,2022-02-04
CN,2022-04-04
CN,2022-04-05
CN,2022-05-02
CN,2022-05-03
CN,2022-05-04
CN,2022-06-03
CN,2022-09-12
CN,2022-10-03
CN,2022-10-04
CN,2022-10-05
CN,2022-10-06
CN,2022-10-07
CN,2023-01-02
CN,2023-01-23
CN,2023-01-24
CN,2023-01-25
CN,2023-01-26
CN,2023-01-27
CN,2023-04-05
CN,2023-05-01
CN,2023-05-02
CN,2023-05-03
CN,2023-06-22
CN,2023-06-23
CN,2023-09-29
CN,2023-10-02
CN,2023-10-03
CN,2023-10-04
CN,2023-10-05
CN,2023-10-06
CN,2024-01-01
CN,2025-01-01
CN,2026-01-01
CN,2027-01-01
CN,2029-01-01
CN,2030-01-01
CZ,2000-04-24
CZ,2000-05-01
CZ,2000-05-08
CZ,2000-07-05
CZ,2000-07-06
CZ,2000-09-28
CZ,2000-11-17
CZ,2000-12-25
CZ,2000-12-26
CZ,2001-01-01
CZ,2001-04-16
CZ,2001-05-01
CZ,2001-05-08
CZ,2001-07-05
CZ,2001-07-06
CZ,2001-09-28
CZ,2001-12-24
CZ,2001-12-25
CZ,2001-12-26
CZ,2002-01-01
CZ,2002-04-01
CZ,2002-05-01
CZ,2002-05-08
CZ,2002-07-05
CZ,2002-10-28
CZ,2002-12-24
CZ,2002-12-25
CZ,2002-12-26
CZ,2003-01-01
CZ,2003-04-21
CZ,2003-05-01
CZ,2003-05-08
CZ,2003-10-28
CZ,2003-11-17
CZ,2003-12-24
CZ,2003-12-25
CZ,2003-12-26
CZ,2004-01-01
CZ,2004-01-02
CZ,2004-04-12
CZ,2004-07-05
CZ,2004-07-06
CZ,2004-09-28
CZ,2004-10-28
CZ,2004-11-17
CZ,2004-12-24
CZ,2004-12-31
CZ,2005-03-28
CZ,2005-07-05
CZ,2005-07-06
CZ,2005-09-28
CZ,2005-10-28
CZ,2005-11-17
CZ,2005-12-26
CZ,2006-04-17
CZ,2006-05-01
CZ,2006-05-08
CZ,2006-07-05
CZ,2006-07-06
CZ,2006-09-28
CZ,2006-11-17
CZ,2006-12-25
CZ,2006-12-26
CZ,2007-01-01
CZ,2007-04-09
CZ,2007-05-01
CZ,2007-05-08
CZ,2007-07-05
CZ,2007-07-06
CZ,2007-09-28
CZ,2007-12-24
CZ,2007-12-25
CZ,2007-12-26
CZ,2008-01-01
CZ,2008-03-24
CZ,2008-05-01
CZ,2008-05-08
CZ,2008-10-28
CZ,2008-11-17
CZ,2008-12-24
CZ,2008-12-25
CZ,2008-12-26
CZ,2009-01-01
CZ,2009-04-13
CZ,2009-05-01
CZ,2009-05-08
CZ,2009-07-06
CZ,2009-09-28
CZ,2009-10-28
CZ,2009-11-17
CZ,2009-12-24
CZ,2009-12-25
CZ,2010-01-01
CZ,2010-04-05
CZ,2010-07-05
CZ,2010-07-06
CZ,2010-09-28
CZ,2010-10-28
CZ,2010-11-17
CZ,2010-12-24
CZ,2011-04-25
CZ,2011-07-05
CZ,2011-07-06
CZ,2011-09-28
CZ,2011-10-28
CZ,2011-11-17
CZ,2011-12-26
CZ,2012-04-09
CZ,2012-05-01
CZ,2012-05-08
CZ,2012-07-05
CZ,2012-07-06
CZ,2012-09-28
CZ,2012-12-24
CZ,2012-12-25
CZ,2012-12-26
CZ,2013-01-01
CZ,2013-04-01
CZ,2013-05-01
CZ,2013-05-08
CZ,2013-07-05
CZ,2013-10-28
CZ,2013-12-24
CZ,2013-12-25
CZ,2013-12-26
CZ,2014-01-01
CZ,2014-04-21
CZ,2014-05-01
CZ,2014-05-08
CZ,2014-10-28
CZ,2014-11-17
CZ,2014-12-24
CZ,2014-12-25
CZ,2014-12-26
CZ,2015-01-01
CZ,2015-04-06
CZ,2015-05-01
CZ,2015-05-08
CZ,2015-07-06
CZ,2015-09-28
CZ,2015-10-28
CZ,2015-11-17
CZ,2015-12-24
CZ,2015-12-25
CZ,2016-01-01
CZ,2016-03-25
CZ,2016-03-28
CZ,2016-07-05
CZ,2016-07-06
CZ,2016-09-28
CZ,2016-10-28
CZ,2016-11-17
CZ,2016-12-26
CZ,2017-04-14
CZ,2017-04-17
CZ,2017-05-01
CZ,2017-05-08
CZ,2017-07-05
CZ,2017-07-06
CZ,2017-09-28
CZ,2017-11-17
CZ,2017-12-25
CZ,2017-12-26
CZ,2018-01-01
CZ,2018-03-30
CZ,2018-04-02
CZ,2018-05-01
CZ,2018-05-08
CZ,2018-07-05
CZ,2018-07-06
CZ,2018-09-28
CZ,2018-12-24
CZ,2018-12-25
CZ,2018-12-26
CZ,2019-01-01
CZ,2019-04-19
CZ,2019-04-22
CZ,2019-05-01
CZ,2019-05-08
CZ,2019-07-05
CZ,2019-10-28
CZ,2019-12-24
CZ,2019-12-25
CZ,2019-12-26
CZ,2020-01-01
CZ,2020-04-10
CZ,2020-04-13
CZ,2020-05-01
CZ,2020-05-08
CZ,2020-07-06
CZ,2020-09-28
CZ,2020-10-28
CZ,2020-11-17
CZ,2020-12-24
CZ,2020-12-25
CZ,2021-01-01
CZ,2021-04-02
CZ,2021-04-05
CZ,2021-07-05
CZ,2021-07-06
CZ,2021-09-28
CZ,2021-10-28
CZ,2021-11-17
CZ,2021-12-24
CZ,2022-04-15
CZ,2022-04-18
CZ,2022-07-05
CZ,2022-07-06
CZ,2022-09-28
CZ,2022-10-28
CZ,2022-11-17
CZ,2022-12-26
CZ,2023-04-07
CZ,2023-04-10
CZ,2023-05-01
CZ,2023-05-08
CZ,2023-07-05
CZ,2023-07-06
CZ,2023-09-28
CZ,2023-11-17
CZ,2023-12-25
CZ,2023-12-26
CZ,2024-01-01
CZ,2024-03-29
CZ,2024-04-01
CZ,2024-05-01
CZ,2024-05-08
CZ,2024-07-05
CZ,2024-10-28
CZ,2024-12-24
CZ,2024-12-25
CZ,2024-12-26
CZ,2025-01-01
CZ,2025-04-18
CZ,2025-04-21
CZ,2025-05-01
CZ,2025-05-08
CZ,2025-10-28
CZ,2025-11-17
CZ,2025-12-24
CZ,2025-12-25
CZ,2025-12-26
CZ,2026-01-01
CZ,2026-04-03
CZ,2026-04-06
CZ,2026-05-01
CZ,2026-05-08
CZ,2026-07-06
CZ,2026-09-28
CZ,2026-10-28
CZ,2026-11-17
CZ,2026-12-24
CZ,2026-12-25
CZ,2027-01-01
CZ,2027-03-26
CZ,2027-03-29
CZ,2027-07-05
CZ,2027-07-06
CZ,2027-09-28
CZ,2027-10-28
CZ,2027-11-17
CZ,2027-12-24
CZ,2028-04-14
CZ,2028-04-17
CZ,2028-05-01
CZ,2028-05-08
CZ,2028-07-05
CZ,2028-07-06
CZ,2028-09-28
CZ,2028-11-17
CZ,2028-12-25
CZ,2028-12-26
CZ,2029-01-01
CZ,2029-03-30
CZ,2029-04-02
CZ,2029-05-01
CZ,2029-05-08
CZ,2029-07-05
CZ,2029-07-06
CZ,2029-09-28
CZ,2029-12-24
CZ,2029-12-25
CZ,2029-12-26
CZ,2030-01-01
CZ,2030-04-19
CZ,2030-04-22
CZ,2030-05-01
CZ,2030-05-08
CZ,2030-07-05
CZ,2030-10-28
CZ,2030-12-24
CZ,2030-12-25
CZ,2030-12-26
DE,2000-04-21
DE,2000-04-24
DE,2000-05-01
DE,2000-06-01
DE,2000-06-12
DE,2000-06-22
DE,2000-10-03
DE,2000-12-25
DE,2000-12-26
DE,2001-01-01
DE,2001-04-13
DE,2001-04-16
DE,2001-05-01
DE,2001-05-24
DE,2001-06-04
DE,2001-06-14
DE,2001-10-03
DE,2001-12-24
DE,2001-12-25
DE,2001-12-26
DE,2002-01-01
DE,2002-03-29
DE,2002-04-01
DE,2002-05-01
DE,2002-05-09
DE,2002-05-20
DE,2002-05-30
DE,2002-10-03
DE,2002-12-24
DE,2002-12-25
DE,2002-12-26
DE,2003-01-01
DE,2003-04-18
DE,2003-04-21
DE,2003-05-01
DE,2003-05-29
DE,2003-06-09
DE,2003-06-19
DE,2003-10-03
DE,2003-12-24
DE,2003-12-25
DE,2003-12-26
DE,2004-01-01
DE,2004-04-09
DE,2004-04-12
DE,2004-05-20
DE,2004-05-31
DE,2004-06-10
DE,2004-12-24
DE,2005-03-25
DE,2005-03-28
DE,2005-05-05
DE,2005-05-16
DE,2005-05-26
DE,2005-10-03
DE,2005-12-26
DE,2006-04-14
DE,2006-04-17
DE,2006-05-01
DE,2006-05-25
DE,2006-06-05
DE,2006-06-15
DE,2006-10-03
DE,2006-12-25
DE,2006-12-26
DE,2007-01-01
DE,2007-04-06
DE,2007-04-09
DE,2007-05-01
DE,2007-05-17
DE,2007-05-28
DE,2007-06-07
DE,2007-10-03
DE,2007-12-24
DE,2007-12-25
DE,2007-12-26
DE,2008-01-01
DE,2008-03-21
DE,2008-03-24
DE,2008-05-01
DE,2008-05-12
DE,2008-05-22
DE,2008-10-03
DE,2008-12-24
DE,2008-12-25
DE,2008-12-26
DE,2009-01-01
DE,2009-04-10
DE,2009-04-13
DE,2009-05-01
DE,2009-05-21
DE,2009-06-01
DE,2009-06-11
DE,2009-12-24
DE,2009-12-25
DE,2010-01-01
DE,2010-04-02
DE,2010-04-05
DE,2010-05-13
DE,2010-05-24
DE,2010-06-03
DE,2010-12-24
DE,2011-04-22
DE,2011-04-25
DE,2011-06-02
DE,2011-06-13
DE,2011-06-23
DE,2011-10-03
DE,2011-12-26
DE,2012-04-06
DE,2012-04-09
DE,2012-05-01
DE,2012-05-17
DE,2012-05-28
DE,2012-06-07
DE,2012-10-03
DE,2012-12-24
DE,2012-12-25
DE,2012-12-26
DE,2013-01-01
DE,2013-03-29
DE,2013-04-01
DE,2013-05-01
DE,2013-05-09
DE,2013-05-20
DE,2013-05-30
DE,2013-10-03
DE,2013-12-24
DE,2013-12-25
DE,2013-12-26
DE,2014-01-01
DE,2014-04-18
DE,2014-04-21
DE,2014-05-01
DE,2014-05-29
DE,2014-06-09
DE,2014-06-19
DE,2014-10-03
DE,2014-12-24
DE,2014-12-25
DE,2014-12-26
DE,2015-01-01
DE,2015-04-03
DE,2015-04-06
DE,2015-05-01
DE,2015-05-14
DE,2015-05-25
DE,2015-06-04
DE,2015-12-24
DE,2015-12-25
DE,2016-01-01
DE,2016-03-25
DE,2016-03-28
DE,2016-05-05
DE,2016-05-16
DE,2016-05-26
DE,2016-10-03
DE,2016-12-26
DE,2017-04-14
DE,2017-04-17
DE,2017-05-01
DE,2017-05-25
DE,2017-06-05
DE,2017-06-15
DE,2017-10-03
DE,2017-12-25
DE,2017-12-26
DE,2018-01-01
DE,2018-03-30
DE,2018-04-02
DE,2018-05-01
DE,2018-05-10
DE,2018-05-21
DE,2018-05-31
DE,2018-10-03
DE,2018-12-24
DE,2018-12-25
DE,2018-12-26
DE,2019-01-01
DE,2019-04-19
DE,2019-04-22
DE,2019-05-01
DE,2019-05-30
DE,2019-06-10
DE,2019-06-20
DE,2019-10-03
DE,2019-12-24
DE,2019-12-25
DE,2019-12-26
DE,2020-01-01
DE,2020-04-10
DE,2020-04-13
DE,2020-05-01
DE,2020-05-21
DE,2020-06-01
DE,2020-06-11
DE,2020-12-24
DE,2020-12-25
DE,2021-01-01
DE,2021-04-02
DE,2021-04-05
DE,2021-05-13
DE,2021-05-24
DE,2021-06-03
DE,2021-12-24
DE,2022-04-15
DE,2022-04-18
DE,2022-05-26
DE,2022-06-06
DE,2022-06-16
DE,2022-10-03
DE,2022-12-26
DE,2023-04-07
DE,2023-04-10
DE,2023-05-01
DE,2023-05-18
DE,2023-05-29
DE,2023-06-08
DE,2023-10-03
DE,2023-12-25
DE,2023-12-26
DE,2024-01-01
DE,2024-03-29
DE,2024-04-01
DE,2024-05-01
DE,2024-05-09
DE,2024-05-20
DE,2024-05-30
DE,2024-10-03
DE,2024-12-24
DE,2024-12-25
DE,2024-12-26
DE,2025-01-01
DE,2025-04-18
DE,2025-04-21
DE,2025-05-01
DE,2025-05-29
DE,2025-06-09
DE,2025-06-19
DE,2025-10-03
DE,2025-12-24
DE,2025-12-25
DE,2025-12-26
DE,2026-01-01
DE,2026-04-03
DE,2026-04-06
DE,2026-05-01
DE,2026-05-14
DE,2026-05-25
DE,2026-06-04
DE,2026-12-24
DE,2026-12-25
DE,2027-01-01
DE,2027-03-26
DE,2027-03-29
DE,2027-05-06
DE,2027-05-17
DE,2027-05-27
DE,2027-12-24
DE,2028-04-14
DE,2028-04-17
DE,2028-05-01
DE,2028-05-25
DE,2028-06-05
DE,2028-06-15
DE,2028-10-03
DE,2028-12-25
DE,2028-12-26
DE,2029-01-01
DE,2029-03-30
DE,2029-04-02
DE,2029-05-01
DE,2029-05-10
DE,2029-05-21
DE,2029-05-31
DE,2029-10-03
DE,2029-12-24
DE,2029-12-25
DE,2029-12-26
DE,2030-01-01
DE,2030-04-19
DE,2030-04-22
DE,2030-05-01
DE,2030-05-30
DE,2030-06-10
DE,2030-06-20
DE,2030-10-03
DE,2030-12-24
DE,2030-12-25
DE,2030-12-26
DK,2000-04-20
DK,2000-04-21
DK,2000-04-24
DK,2000-05-19
DK,2000-06-01
DK,2000-06-05
DK,2000-06-12
DK,2000-12-25
DK,2000-12-26
DK,2001-01-01
DK,2001-04-12
DK,2001-04-13
DK,2001-04-16
DK,2001-05-11
DK,2001-05-24
DK,2001-06-04
DK,2001-06-05
DK,2001-12-24
DK,2001-12-25
DK,2001-12-26
DK,2001-12-31
DK,2002-01-01
DK,2002-03-28
DK,2002-03-29
DK,2002-04-01
DK,2002-04-26
DK,2002-05-09
DK,2002-05-20
DK,2002-06-05
DK,2002-12-24
DK,2002-12-25
DK,2002-12-26
DK,2002-12-31
DK,2003-01-01
DK,2003-04-17
DK,2003-04-18
DK,2003-04-21
DK,2003-05-16
DK,2003-05-29
DK,2003-06-05
DK,2003-06-09
DK,2003-12-24
DK,2003-12-25
DK,2003-12-26
DK,2003-12-31
DK,2004-01-01
DK,2004-04-08
DK,2004-04-09
DK,2004-04-12
DK,2004-05-07
DK,2004-05-20
DK,2004-05-31
DK,2004-12-24
DK,2004-12-31
DK,2005-03-24
DK,2005-03-25
DK,2005-03-28
DK,2005-04-22
DK,2005-05-05
DK,2005-05-16
DK,2005-12-26
DK,2006-04-13
DK,2006-04-14
DK,2006-04-17
DK,2006-05-12
DK,2006-05-25
DK,2006-06-05
DK,2006-12-25
DK,2006-12-26
DK,2007-01-01
DK,2007-04-05
DK,2007-04-06
DK,2007-04-09
DK,2007-05-04
DK,2007-05-17
DK,2007-05-28
DK,2007-06-05
DK,2007-12-24
DK,2007-12-25
DK,2007-12-26
DK,2007-12-31
DK,2008-01-01
DK,2008-03-20
DK,2008-03-21
DK,2008-03-24
DK,2008-04-18
DK,2008-05-01
DK,2008-05-12
DK,2008-06-05
DK,2008-12-24
DK,2008-12-25
DK,2008-12-26
DK,2008-12-31
DK,2009-01-01
DK,2009-04-09
DK,2009-04-10
DK,2009-04-13
DK,2009-05-08
DK,2009-05-21
DK,2009-05-22
DK,2009-06-01
DK,2009-06-05
DK,2009-12-24
DK,2009-12-25
DK,2009-12-31
DK,2010-01-01
DK,2010-04-01
DK,2010-04-02
DK,2010-04-05
DK,2010-04-30
DK,2010-05-13
DK,2010-05-14
DK,2010-05-24
DK,2010-12-24
DK,2010-12-31
DK,2011-04-21
DK,2011-04-22
DK,2011-04-25
DK,2011-05-20
DK,2011-06-02
DK,2011-06-03
DK,2011-06-13
DK,2011-12-26
DK,2012-04-05
DK,2012-04-06
DK,2012-04-09
DK,2012-05-04
DK,2012-05-17
DK,2012-05-18
DK,2012-05-28
DK,2012-06-05
DK,2012-12-24
DK,2012-12-25
DK,2012-12-26
DK,2012-12-31
DK,2013-01-01
DK,2013-03-28
DK,2013-03-29
DK,2013-04-01
DK,2013-04-26
DK,2013-05-09
DK,2013-05-10
DK,2013-05-20
DK,2013-06-05
DK,2013-12-24
DK,2013-12-25
DK,2013-12-26
DK,2013-12-31
DK,2014-01-01
DK,2014-04-17
DK,2014-04-18
DK,2014-04-21
DK,2014-05-16
DK,2014-05-29
DK,2014-05-30
DK,2014-06-05
DK,2014-06-09
DK,2014-12-24
DK,2014-12-25
DK,2014-12-26
DK,2014-12-31
DK,2015-01-01
DK,2015-04-02
DK,2015-04-03
DK,2015-04-06
DK,2015-05-01
DK,2015-05-14
DK,2015-05-15
DK,2015-05-25
DK,2015-06-05
DK,2015-12-24
DK,2015-12-25
DK,2015-12-31
DK,2016-01-01
DK,2016-03-24
DK,2016-03-25
DK,2016-03-28
DK,2016-04-22
DK,2016-05-05
DK,2016-05-06
DK,2016-05-16
DK,2016-12-26
DK,2017-04-13
DK,2017-04-14
DK,2017-04-17
DK,2017-05-12
DK,2017-05-25
DK,2017-05-26
DK,2017-06-05
DK,2017-12-25
DK,2017-12-26
DK,2018-01-01
DK,2018-03-29
DK,2018-03-30
DK,2018-04-02
DK,2018-04-27
DK,2018-05-10
DK,2018-05-11
DK,2018-05-21
DK,2018-06-05
DK,2018-12-24
DK,2018-12-25
DK,2018-12-26
DK,2018-12-31
DK,2019-01-01
DK,2019-04-18
DK,2019-04-19
DK,2019-04-22
DK,2019-05-17
DK,2019-05-30
DK,2019-05-31
DK,2019-06-05
DK,2019-06-10
DK,2019-12-24
DK,2019-12-25
DK,2019-12-26
DK,2019-12-31
DK,2020-01-01
DK,2020-04-09
DK,2020-04-10
DK,2020-04-13
DK,2020-05-08
DK,2020-05-21
DK,2020-05-22
DK,2020-06-01
DK,2020-06-05
DK,2020-12-24
DK,2020-12-25
DK,2020-12-31
DK,2021-01-01
DK,2021-04-01
DK,2021-04-02
DK,2021-04-05
DK,2021-04-30
DK,2021-05-13
DK,2021-05-14
DK,2021-05-24
DK,2021-12-24
DK,2021-12-31
DK,2022-04-14
DK,2022-04-15
DK,2022-04-18
DK,2022-05-13
DK,2022-05-26
DK,2022-05-27
DK,2022-06-06
DK,2022-12-26
DK,2023-04-06
DK,2023-04-07
DK,2023-04-10
DK,2023-05-05
DK,2023-05-18
DK,2023-05-19
DK,2023-05-29
DK,2023-06-05
DK,2023-12-25
DK,2023-12-26
DK,2024-01-01
DK,2024-03-28
DK,2024-03-29
DK,2024-04-01
DK,2024-05-09
DK,2024-05-10
DK,2024-05-20
DK,2024-06-05
DK,2024-12-24
DK,2024-12-25
DK,2024-12-26
DK,2024-12-31
DK,2025-01-01
DK,2025-04-17
DK,2025-04-18
DK,2025-04-21
DK,2025-05-29
DK,2025-05-30
DK,2025-06-05
DK,2025-06-09
DK,2025-12-24
DK,2025-12-25
DK,2025-12-26
DK,2025-12-31
DK,2026-01-01
DK,2026-04-02
DK,2026-04-03
DK,2026-04-06
DK,2026-05-14
DK,2026-05-15
DK,2026-05-25
DK,2026-06-05
DK,2026-12-24
DK,2026-12-25
DK,2026-12-31
DK,2027-01-01
DK,2027-03-25
DK,2027-03-26
DK,2027-03-29
DK,2027-05-06
DK,2027-05-07
DK,2027-05-17
DK,2027-12-24
DK,2027-12-31
DK,2028-04-13
DK,2028-04-14
DK,2028-04-17
DK,2028-05-25
DK,2028-05-26
DK,2028-06-05
DK,2028-12-25
DK,2028-12-26
DK,2029-01-01
DK,2029-03-29
DK,2029-03-30
DK,2029-04-02
DK,2029-05-10
DK,2029-05-11
DK,2029-05-21
DK,2029-06-05
DK,2029-12-24
DK,2029-12-25
DK,2029-12-26
DK,2029-12-31
DK,2030-01-01
DK,2030-04-18
DK,2030-04-19
DK,2030-04-22
DK,2030-05-30
DK,2030-05-31
DK,2030-06-05
DK,2030-06-10
DK,2030-12-24
DK,2030-12-25
DK,2030-12-26
DK,2030-12-31
EU,2000-04-21
EU,2000-04-24
EU,2000-05-01
EU,2000-12-25
EU,2000-12-26
EU,2001-01-01
EU,2001-04-13
EU,2001-04-16
EU,2001-05-01
EU,2001-12-25
EU,2001-12-26
EU,2002-01-01
EU,2002-03-29
EU,2002-04-01
EU,2002-05-01
EU,2002-12-25
EU,2002-12-26
EU,2003-01-01
EU,2003-04-18
EU,2003-04-21
EU,2003-05-01
EU,2003-12-25
EU,2003-12-26
EU,2004-01-01
EU,2004-04-09
EU,2004-04-12
EU,2005-03-25
EU,2005-03-28
EU,2005-12-26
EU,2006-04-14
EU,2006-04-17
EU,2006-05-01
EU,2006-12-25
EU,2006-12-26
EU,2007-01-01
EU,2007-04-06
EU,2007-04-09
EU,2007-05-01
EU,2007-12-25
EU,2007-12-26
EU,2008-01-01
EU,2008-03-21
EU,2008-03-24
EU,2008-05-01
EU,2008-12-25
EU,2008-12-26
EU,2009-01-01
EU,2009-04-10
EU,2009-04-13
EU,2009-05-01
EU,2009-12-25
EU,2010-01-01
EU,2010-04-02
EU,2010-04-05
EU,2011-04-22
EU,2011-04-25
EU,2011-12-26
EU,2012-04-06
EU,2012-04-09
EU,2012-05-01
EU,2012-12-25
EU,2012-12-26
EU,2013-01-01
EU,2013-03-29
EU,2013-04-01
EU,2013-05-01
EU,2013-12-25
EU,2013-12-26
EU,2014-01-01
EU,2014-04-18
EU,2014-04-21
EU,2014-05-01
EU,2014-12-25
EU,2014-12-26
EU,2015-01-01
EU,2015-04-03
EU,2015-04-06
EU,2015-05-01
EU,2015-12-25
EU,2016-01-01
EU,2016-03-25
EU,2016-03-28
EU,2016-12-26
EU,2017-04-14
EU,2017-04-17
EU,2017-05-01
EU,2017-12-25
EU,2017-12-26
EU,2018-01-01
EU,2018-03-30
EU,2018-04-02
EU,2018-05-01
EU,2018-12-25
EU,2018-12-26
EU,2019-01-01
EU,2019-04-19
EU,2019-04-22
EU,2019-05-01
EU,2019-12-25
EU,2019-12-26
EU,2020-01-01
EU,2020-04-10
EU,2020-04-13
EU,2020-05-01
EU,2020-12-25
EU,2021-01-01
EU,2021-04-02
EU,2021-04-05
EU,2022-04-15
EU,2022-04-18
EU,2022-12-26
EU,2023-04-07
EU,2023-04-10
EU,2023-05-01
EU,2023-12-25
EU,2023-12-26
EU,2024-01-01
EU,2024-03-29
EU,2024-04-01
EU,2024-05-01
EU,2024-12-25
EU,2024-12-26
EU,2025-01-01
EU,2025-04-18
EU,2025-04-21
EU,2025-05-01
EU,2025-12-25
EU,2025-12-26
EU,2026-01-01
EU,2026-04-03
EU,2026-04-06
EU,2026-05-01
EU,2026-12-25
EU,2027-01-01
EU,2027-03-26
EU,2027-03-29
EU,2028-04-14
EU,2028-04-17
EU,2028-05-01
EU,2028-12-25
EU,2028-12-26
EU,2029-01-01
EU,2029-03-30
EU,2029-04-02
EU,2029-05-01
EU,2029-12-25
EU,2029-12-26
EU,2030-01-01
EU,2030-04-19
EU,2030-04-22
EU,2030-05-01
EU,2030-12-25
EU,2030-12-26
FI,2000-01-06
FI,2000-04-21
FI,2000-04-24
FI,2000-05-01
FI,2000-06-01
FI,2000-06-23
FI,2000-12-06
FI,2000-12-25
FI,2000-12-26
FI,2001-01-01
FI,2001-04-13
FI,2001-04-16
FI,2001-05-01
FI,2001-05-24
FI,2001-06-22
FI,2001-12-06
FI,2001-12-24
FI,2001-12-25
FI,2001-12-26
FI,2002-01-01
FI,2002-03-29
FI,2002-04-01
FI,2002-05-01
FI,2002-05-09
FI,2002-06-21
FI,2002-12-06
FI,2002-12-24
FI,2002-12-25
FI,2002-12-26
FI,2003-01-01
FI,2003-01-06
FI,2003-04-18
FI,2003-04-21
FI,2003-05-01
FI,2003-05-29
FI,2003-06-20
FI,2003-12-24
FI,2003-12-25
FI,2003-12-26
FI,2004-01-01
FI,2004-01-06
FI,2004-04-09
FI,2004-04-12
FI,2004-05-20
FI,2004-06-18
FI,2004-12-06
FI,2004-12-24
FI,2005-01-06
FI,2005-03-25
FI,2005-03-28
FI,2005-05-05
FI,2005-06-24
FI,2005-12-06
FI,2005-12-26
FI,2006-01-06
FI,2006-04-14
FI,2006-04-17
FI,2006-05-01
FI,2006-05-25
FI,2006-06-23
FI,2006-12-06
FI,2006-12-25
FI,2006-12-26
FI,2007-01-01
FI,2007-04-06
FI,2007-04-09
FI,2007-05-01
FI,2007-05-17
FI,2007-06-22
FI,2007-12-06
FI,2007-12-24
FI,2007-12-25
FI,2007-12-26
FI,2008-01-01
FI,2008-03-21
FI,2008-03-24
FI,2008-05-01
FI,2008-06-20
FI,2008-12-24
FI,2008-12-25
FI,2008-12-26
FI,2009-01-01
FI,2009-01-06
FI,2009-04-10
FI,2009-04-13
FI,2009-05-01
FI,2009-05-21
FI,2009-06-19
FI,2009-12-24
FI,2009-12-25
FI,2010-01-01
FI,2010-01-06
FI,2010-04-02
FI,2010-04-05
FI,2010-05-13
FI,2010-06-18
FI,2010-12-06
FI,2010-12-24
FI,2011-01-06
FI,2011-04-22
FI,2011-04-25
FI,2011-06-02
FI,2011-06-24
FI,2011-12-06
FI,2011-12-26
FI,2012-01-06
FI,2012-04-06
FI,2012-04-09
FI,2012-05-01
FI,2012-05-17
FI,2012-06-22
FI,2012-12-06
FI,2012-12-24
FI,2012-12-25
FI,2012-12-26
FI,2013-01-01
FI,2013-03-29
FI,2013-04-01
FI,2013-05-01
FI,2013-05-09
FI,2013-06-21
FI,2013-12-06
FI,2013-12-24
FI,2013-12-25
FI,2013-12-26
FI,2014-01-01
FI,2014-01-06
FI,2014-04-18
FI,2014-04-21
FI,2014-05-01
FI,2014-05-29
FI,2014-06-20
FI,2014-12-24
FI,2014-12-25
FI,2014-12-26
FI,2015-01-01
FI,2015-01-06
FI,2015-04-03
FI,2015-04-06
FI,2015-05-01
FI,2015-05-14
FI,2015-06-19
FI,2015-12-24
FI,2015-12-25
FI,2016-01-01
FI,2016-01-06
FI,2016-03-25
FI,2016-03-28
FI,2016-05-05
FI,2016-06-24
FI,2016-12-06
FI,2016-12-26
FI,2017-01-06
FI,2017-04-14
FI,2017-04-17
FI,2017-05-01
FI,2017-05-25
FI,2017-06-23
FI,2017-12-06
FI,2017-12-25
FI,2017-12-26
FI,2018-01-01
FI,2018-03-30
FI,2018-04-02
FI,2018-05-01
FI,2018-05-10
FI,2018-06-22
FI,2018-12-06
FI,2018-12-24
FI,2018-12-25
FI,2018-12-26
FI,2019-01-01
FI,2019-04-19
FI,2019-04-22
FI,2019-05-01
FI,2019-05-30
FI,2019-06-21
FI,2019-12-06
FI,2019-12-24
FI,2019-12-25
FI,2019-12-26
FI,2020-01-01
FI,2020-01-06
FI,2020-04-10
FI,2020-04-13
FI,2020-05-01
FI,2020-05-21
FI,2020-06-19
FI,2020-12-24
FI,2020-12-25
FI,2021-01-01
FI,2021-01-06
FI,2021-04-02
FI,2021-04-05
FI,2021-05-13
FI,2021-06-18
FI,2021-12-06
FI,2021-12-24
FI,2022-01-06
FI,2022-04-15
FI,2022-04-18
FI,2022-05-26
FI,2022-06-24
FI,2022-12-06
FI,2022-12-26
FI,2023-01-06
FI,2023-04-07
FI,2023-04-10
FI,2023-05-01
FI,2023-05-18
FI,2023-06-23
FI,2023-12-06
FI,2023-12-25
FI,2023-12-26
FI,2024-01-01
FI,2024-03-29
FI,2024-04-01
FI,2024-05-01
FI,2024-05-09
FI,2024-06-21
FI,2024-12-06
FI,2024-12-24
FI,2024-12-25
FI,2024-12-26
FI,2025-01-01
FI,2025-01-06
FI,2025-04-18
FI,2025-04-21
FI,2025-05-01
FI,2025-05-29
FI,2025-06-20
FI,2025-12-24
FI,2025-12-25
FI,2025-12-26
FI,2026-01-01
FI,2026-01-06
FI,2026-04-03
FI,2026-04-06
FI,2026-05-01
FI,2026-05-14
FI,2026-06-19
FI,2026-12-24
FI,2026-12-25
FI,2027-01-01
FI,2027-01-06
FI,2027-03-26
FI,2027-03-29
FI,2027-05-06
FI,2027-06-18
FI,2027-12-06
FI,2027-12-24
FI,2028-01-06
FI,2028-04-14
FI,2028-04-17
FI,2028-05-01
FI,2028-05-25
FI,2028-06-23
FI,2028-12-06
FI,2028-12-25
FI,2028-12-26
FI,2029-01-01
FI,2029-03-30
FI,2029-04-02
FI,2029-05-01
FI,2029-05-10
FI,2029-06-22
FI,2029-12-06
FI,2029-12-24
FI,2029-12-25
FI,2029-12-26
FI,2030-01-01
FI,2030-04-19
FI,2030-04-22
FI,2030-05-01
FI,2030-05-30
FI,2030-06-21
FI,2030-12-06
FI,2030-12-24
FI,2030-12-25
FI,2030-12-26
FR,2000-04-24
FR,2000-05-01
FR,2000-05-08
FR,2000-05-10
FR,2000-07-14
FR,2000-08-15
FR,2000-11-01
FR,2000-12-25
FR,2001-01-01
FR,2001-04-16
FR,2001-05-01
FR,2001-05-08
FR,2001-05-10
FR,2001-05-21
FR,2001-08-15
FR,2001-11-01
FR,2001-12-25
FR,2002-01-01
FR,2002-04-01
FR,2002-05-01
FR,2002-05-08
FR,2002-05-10
FR,2002-05-21
FR,2002-08-15
FR,2002-11-01
FR,2002-11-11
FR,2002-12-25
FR,2003-01-01
FR,2003-04-21
FR,2003-05-01
FR,2003-05-08
FR,2003-05-21
FR,2003-07-14
FR,2003-08-15
FR,2003-11-11
FR,2003-12-25
FR,2004-01-01
FR,2004-04-12
FR,2004-05-10
FR,2004-05-21
FR,2004-07-14
FR,2004-11-01
FR,2004-11-11
FR,2005-03-28
FR,2005-05-10
FR,2005-07-14
FR,2005-08-15
FR,2005-11-01
FR,2005-11-11
FR,2006-04-17
FR,2006-05-01
FR,2006-05-08
FR,2006-05-10
FR,2006-07-14
FR,2006-08-15
FR,2006-11-01
FR,2006-12-25
FR,2007-01-01
FR,2007-04-09
FR,2007-05-01
FR,2007-05-08
FR,2007-05-10
FR,2007-05-21
FR,2007-08-15
FR,2007-11-01
FR,2007-12-25
FR,2008-01-01
FR,2008-03-24
FR,2008-05-01
FR,2008-05-08
FR,2008-05-21
FR,2008-07-14
FR,2008-08-15
FR,2008-11-11
FR,2008-12-25
FR,2009-01-01
FR,2009-04-13
FR,2009-05-01
FR,2009-05-08
FR,2009-05-21
FR,2009-07-14
FR,2009-11-11
FR,2009-12-25
FR,2010-01-01
FR,2010-04-05
FR,2010-05-10
FR,2010-05-21
FR,2010-07-14
FR,2010-11-01
FR,2010-11-11
FR,2011-04-25
FR,2011-05-10
FR,2011-07-14
FR,2011-08-15
FR,2011-11-01
FR,2011-11-11
FR,2012-04-09
FR,2012-05-01
FR,2012-05-08
FR,2012-05-10
FR,2012-05-21
FR,2012-08-15
FR,2012-11-01
FR,2012-12-25
FR,2013-01-01
FR,2013-04-01
FR,2013-05-01
FR,2013-05-08
FR,2013-05-10
FR,2013-05-21
FR,2013-08-15
FR,2013-11-01
FR,2013-11-11
FR,2013-12-25
FR,2014-01-01
FR,2014-04-21
FR,2014-05-01
FR,2014-05-08
FR,2014-05-21
FR,2014-07-14
FR,2014-08-15
FR,2014-11-11
FR,2014-12-25
FR,2015-01-01
FR,2015-04-06
FR,2015-05-01
FR,2015-05-08
FR,2015-05-21
FR,2015-07-14
FR,2015-11-11
FR,2015-12-25
FR,2016-01-01
FR,2016-03-28
FR,2016-05-10
FR,2016-07-14
FR,2016-08-15
FR,2016-11-01
FR,2016-11-11
FR,2017-04-17
FR,2017-05-01
FR,2017-05-08
FR,2017-05-10
FR,2017-07-14
FR,2017-08-15
FR,2017-11-01
FR,2017-12-25
FR,2018-01-01
FR,2018-04-02
FR,2018-05-01
FR,2018-05-08
FR,2018-05-10
FR,2018-05-21
FR,2018-08-15
FR,2018-11-01
FR,2018-12-25
FR,2019-01-01
FR,2019-04-22
FR,2019-05-01
FR,2019-05-08
FR,2019-05-10
FR,2019-05-21
FR,2019-08-15
FR,2019-11-01
FR,2019-11-11
FR,2019-12-25
FR,2020-01-01
FR,2020-04-13
FR,2020-05-01
FR,2020-05-08
FR,2020-05-21
FR,2020-07-14
FR,2020-11-11
FR,2020-12-25
FR,2021-01-01
FR,2021-04-05
FR,2021-05-10
FR,2021-05-21
FR,2021-07-14
FR,2021-11-01
FR,2021-11-11
FR,2022-04-18
FR,2022-05-10
FR,2022-07-14
FR,2022-08-15
FR,2022-11-01
FR,2022-11-11
FR,2023-04-10
FR,2023-05-01
FR,2023-05-08
FR,2023-05-10
FR,2023-07-14
FR,2023-08-15
FR,2023-11-01
FR,2023-12-25
FR,2024-01-01
FR,2024-04-01
FR,2024-05-01
FR,2024-05-08
FR,2024-05-10
FR,2024-05-21
FR,2024-08-15
FR,2024-11-01
FR,2024-11-11
FR,2024-12-25
FR,2025-01-01
FR,2025-04-21
FR,2025-05-01
FR,2025-05-08
FR,2025-05-21
FR,2025-07-14
FR,2025-08-15
FR,2025-11-11
FR,2025-12-25
FR,2026-01-01
FR,2026-04-06
FR,2026-05-01
FR,2026-05-08
FR,2026-05-21
FR,2026-07-14
FR,2026-11-11
FR,2026-12-25
FR,2027-01-01
FR,2027-03-29
FR,2027-05-10
FR,2027-05-21
FR,2027-07-14
FR,2027-11-01
FR,2027-11-11
FR,2028-04-17
FR,2028-05-01
FR,2028-05-08
FR,2028-05-10
FR,2028-07-14
FR,2028-08-15
FR,2028-11-01
FR,2028-12-25
FR,2029-01-01
FR,2029-04-02
FR,2029-05-01
FR,2029-05-08
FR,2029-05-10
FR,2029-05-21
FR,2029-08-15
FR,2029-11-01
FR,2029-12-25
FR,2030-01-01
FR,2030-04-22
FR,2030-05-01
FR,2030-05-08
FR,2030-05-10
FR,2030-05-21
FR,2030-08-15
FR,2030-11-01
FR,2030-11-11
FR,2030-12-25
GB,2000-01-03
GB,2000-04-21
GB,2000-04-24
GB,2000-05-01
GB,2000-05-29
GB,2000-08-28
GB,2000-12-25
GB,2000-12-26
GB,2001-01-01
GB,2001-04-13
GB,2001-04-16
GB,2001-05-07
GB,2001-05-28
GB,2001-08-27
GB,2001-12-25
GB,2001-12-26
GB,2002-01-01
GB,2002-03-29
GB,2002-04-01
GB,2002-05-06
GB,2002-06-03
GB,2002-06-04
GB,2002-08-26
GB,2002-12-25
GB,2002-12-26
GB,2003-01-01
GB,2003-04-18
GB,2003-04-21
GB,2003-05-05
GB,2003-05-26
GB,2003-08-25
GB,2003-12-25
GB,2003-12-26
GB,2004-01-01
GB,2004-04-09
GB,2004-04-12
GB,2004-05-03
GB,2004-05-31
GB,2004-08-30
GB,2004-12-27
GB,2004-12-28
GB,2005-01-03
GB,2005-03-25
GB,2005-03-28
GB,2005-05-02
GB,2005-05-30
GB,2005-08-29
GB,2005-12-26
GB,2005-12-27
GB,2006-01-02
GB,2006-04-14
GB,2006-04-17
GB,2006-05-01
GB,2006-05-29
GB,2006-08-28
GB,2006-12-25
GB,2006-12-26
GB,2007-01-01
GB,2007-04-06
GB,2007-04-09
GB,2007-05-07
GB,2007-05-28
GB,2007-08-27
GB,2007-12-25
GB,2007-12-26
GB,2008-01-01
GB,2008-03-21
GB,2008-03-24
GB,2008-05-05
GB,2008-05-26
GB,2008-08-25
GB,2008-12-25
GB,2008-12-26
GB,2009-01-01
GB,2009-04-10
GB,2009-04-13
GB,2009-05-04
GB,2009-05-25
GB,2009-08-31
GB,2009-12-25
GB,2009-12-28
GB,2010-01-01
GB,2010-04-02
GB,2010-04-05
GB,2010-05-03
GB,2010-05-31
GB,2010-08-30
GB,2010-12-27
GB,2010-12-28
GB,2011-01-03
GB,2011-04-22
GB,2011-04-25
GB,2011-04-29
GB,2011-05-02
GB,2011-05-30
GB,2011-08-29
GB,2011-12-26
GB,2011-12-27
GB,2012-01-02
GB,2012-04-06
GB,2012-04-09
GB,2012-05-07
GB,2012-06-04
GB,2012-06-05
GB,2012-08-27
GB,2012-12-25
GB,2012-12-26
GB,2013-01-01
GB,2013-03-29
GB,2013-04-01
GB,2013-05-06
GB,2013-05-27
GB,2013-08-26
GB,2013-12-25
GB,2013-12-26
GB,2014-01-01
GB,2014-04-18
GB,2014-04-21
GB,2014-05-05
GB,2014-05-26
GB,2014-08-25
GB,2014-12-25
GB,2014-12-26
GB,2015-01-01
GB,2015-04-03
GB,2015-04-06
GB,2015-05-04
GB,2015-05-25
GB,2015-08-31
GB,2015-12-25
GB,2015-12-28
GB,2016-01-01
GB,2016-03-25
GB,2016-03-28
GB,2016-05-02
GB,2016-05-30
GB,2016-08-29
GB,2016-12-26
GB,2016-12-27
GB,2017-01-02
GB,2017-04-14
GB,2017-04-17
GB,2017-05-01
GB,2017-05-29
GB,2017-08-28
GB,2017-12-25
GB,2017-12-26
GB,2018-01-01
GB,2018-03-30
GB,2018-04-02
GB,2018-05-07
GB,2018-05-28
GB,2018-08-27
GB,2018-12-25
GB,2018-12-26
GB,2019-01-01
GB,2019-04-19
GB,2019-04-22
GB,2019-05-06
GB,2019-05-27
GB,2019-08-26
GB,2019-12-25
GB,2019-12-26
GB,2020-01-01
GB,2020-04-10
GB,2020-04-13
GB,2020-05-08
GB,2020-05-25
GB,2020-08-31
GB,2020-12-25
GB,2020-12-28
GB,2021-01-01
GB,2021-04-02
GB,2021-04-05
GB,2021-05-03
GB,2021-05-31
GB,2021-08-30
GB,2021-12-27
GB,2021-12-28
GB,2022-01-03
GB,2022-04-15
GB,2022-04-18
GB,2022-05-02
GB,2022-06-02
GB,2022-06-03
GB,2022-08-29
GB,2022-09-19
GB,2022-12-26
GB,2022-12-27
GB,2023-01-02
GB,2023-04-07
GB,2023-04-10
GB,2023-05-01
GB,2023-05-08
GB,2023-05-29
GB,2023-08-28
GB,2023-12-25
GB,2023-12-26
GB,2024-01-01
GB,2024-03-29
GB,2024-04-01
GB,2024-05-06
GB,2024-05-27
GB,2024-08-26
GB,2024-12-25
GB,2024-12-26
GB,2025-01-01
GB,2025-04-18
GB,2025-04-21
GB,2025-05-05
GB,2025-05-26
GB,2025-08-25
GB,2025-12-25
GB,2025-12-26
GB,2026-01-01
GB,2026-04-03
GB,2026-04-06
GB,2026-05-04
GB,2026-05-25
GB,2026-08-31
GB,2026-12-25
GB,2026-12-28
GB,2027-01-01
GB,2027-03-26
GB,2027-03-29
GB,2027-05-03
GB,2027-05-31
GB,2027-08-30
GB,2027-12-27
GB,2027-12-28
GB,2028-01-03
GB,2028-04-14
GB,2028-04-17
GB,2028-05-01
GB,2028-05-29
GB,2028-08-28
GB,2028-12-25
GB,2028-12-26
GB,2029-01-01
GB,2029-03-30
GB,2029-04-02
GB,2029-05-07
GB,2029-05-28
GB,2029-08-27
GB,2029-12-25
GB,2029-12-26
GB,2030-01-01
GB,2030-04-19
GB,2030-04-22
GB,2030-05-06
GB,2030-05-27
GB,2030-08-26
GB,2030-12-25
GB,2030-12-26
HK,2000-04-21
HK,2000-04-24
HK,2000-05-01
HK,2000-10-02
HK,2000-12-25
HK,2000-12-26
HK,2001-01-01
HK,2001-04-13
HK,2001-04-16
HK,2001-05-01
HK,2001-07-02
HK,2001-10-01
HK,2001-12-25
HK,2001-12-26
HK,2002-01-01
HK,2002-03-29
HK,2002-04-01
HK,2002-05-01
HK,2002-07-01
HK,2002-10-01
HK,2002-12-25
HK,2002-12-26
HK,2003-01-01
HK,2003-04-18
HK,2003-04-21
HK,2003-05-01
HK,2003-07-01
HK,2003-10-01
HK,2003-12-25
HK,2003-12-26
HK,2004-01-01
HK,2004-01-22
HK,2004-01-23
HK,2004-04-05
HK,2004-04-09
HK,2004-04-12
HK,2004-05-26
HK,2004-06-22
HK,2004-07-01
HK,2004-09-28
HK,2004-10-01
HK,2004-10-28
HK,2004-12-27
HK,2005-02-09
HK,2005-02-10
HK,2005-02-11
HK,2005-03-25
HK,2005-03-28
HK,2005-04-05
HK,2005-05-02
HK,2005-05-16
HK,2005-07-01
HK,2005-10-18
HK,2005-12-26
HK,2005-12-27
HK,2006-01-02
HK,2006-01-30
HK,2006-04-05
HK,2006-04-14
HK,2006-04-17
HK,2006-05-01
HK,2006-05-05
HK,2006-06-01
HK,2006-10-02
HK,2006-12-25
HK,2006-12-26
HK,2006-12-27
HK,2007-01-01
HK,2007-02-19
HK,2007-04-05
HK,2007-04-06
HK,2007-04-09
HK,2007-05-01
HK,2007-05-24
HK,2007-06-19
HK,2007-07-02
HK,2007-09-26
HK,2007-10-01
HK,2007-10-26
HK,2007-12-25
HK,2007-12-26
HK,2007-12-27
HK,2008-01-01
HK,2008-02-07
HK,2008-02-08
HK,2008-03-21
HK,2008-03-24
HK,2008-04-04
HK,2008-05-01
HK,2008-05-12
HK,2008-06-09
HK,2008-07-01
HK,2008-09-15
HK,2008-10-01
HK,2008-10-16
HK,2008-12-25
HK,2008-12-26
HK,2008-12-29
HK,2009-01-01
HK,2009-01-26
HK,2009-01-27
HK,2009-01-28
HK,2009-04-10
HK,2009-04-13
HK,2009-05-01
HK,2009-07-01
HK,2009-10-01
HK,2009-10-26
HK,2009-12-25
HK,2009-12-28
HK,2010-01-01
HK,2010-02-15
HK,2010-04-02
HK,2010-04-05
HK,2010-05-21
HK,2010-06-16
HK,2010-07-01
HK,2010-09-22
HK,2010-10-01
HK,2010-12-27
HK,2011-02-02
HK,2011-02-03
HK,2011-02-04
HK,2011-04-05
HK,2011-04-22
HK,2011-04-25
HK,2011-05-02
HK,2011-05-10
HK,2011-06-06
HK,2011-07-01
HK,2011-09-12
HK,2011-10-05
HK,2011-12-26
HK,2011-12-27
HK,2012-01-02
HK,2012-01-23
HK,2012-01-24
HK,2012-01-25
HK,2012-04-04
HK,2012-04-06
HK,2012-04-09
HK,2012-05-01
HK,2012-05-28
HK,2012-07-02
HK,2012-10-01
HK,2012-10-23
HK,2012-12-25
HK,2012-12-26
HK,2012-12-27
HK,2013-01-01
HK,2013-02-11
HK,2013-02-12
HK,2013-03-29
HK,2013-04-01
HK,2013-04-04
HK,2013-05-01
HK,2013-05-17
HK,2013-06-12
HK,2013-07-01
HK,2013-09-19
HK,2013-10-01
HK,2013-10-14
HK,2013-12-25
HK,2013-12-26
HK,2013-12-27
HK,2014-01-01
HK,2014-01-02
HK,2014-01-31
HK,2014-04-18
HK,2014-04-21
HK,2014-05-01
HK,2014-05-06
HK,2014-06-02
HK,2014-07-01
HK,2014-09-09
HK,2014-10-01
HK,2014-10-02
HK,2014-12-25
HK,2014-12-26
HK,2014-12-29
HK,2015-01-01
HK,2015-02-19
HK,2015-02-20
HK,2015-04-03
HK,2015-04-06
HK,2015-05-01
HK,2015-05-25
HK,2015-07-01
HK,2015-10-01
HK,2015-10-21
HK,2015-12-25
HK,2015-12-28
HK,2016-01-01
HK,2016-02-08
HK,2016-02-09
HK,2016-02-10
HK,2016-03-25
HK,2016-03-28
HK,2016-04-04
HK,2016-05-02
HK,2016-06-09
HK,2016-07-01
HK,2016-09-15
HK,2016-10-10
HK,2016-12-26
HK,2016-12-27
HK,2017-01-02
HK,2017-01-30
HK,2017-04-04
HK,2017-04-14
HK,2017-04-17
HK,2017-05-01
HK,2017-05-03
HK,2017-05-30
HK,2017-10-02
HK,2017-10-05
HK,2017-12-25
HK,2017-12-26
HK,2017-12-27
HK,2018-01-01
HK,2018-02-16
HK,2018-03-30
HK,2018-04-02
HK,2018-04-05
HK,2018-05-01
HK,2018-05-22
HK,2018-06-18
HK,2018-07-02
HK,2018-09-25
HK,2018-10-01
HK,2018-10-17
HK,2018-12-25
HK,2018-12-26
HK,2018-12-27
HK,2019-01-01
HK,2019-02-05
HK,2019-02-06
HK,2019-02-07
HK,2019-04-05
HK,2019-04-19
HK,2019-04-22
HK,2019-05-01
HK,2019-06-07
HK,2019-07-01
HK,2019-10-01
HK,2019-10-07
HK,2019-12-25
HK,2019-12-26
HK,2019-12-27
HK,2020-01-01
HK,2020-01-27
HK,2020-01-28
HK,2020-04-10
HK,2020-04-13
HK,2020-05-01
HK,2020-06-25
HK,2020-07-01
HK,2020-10-01
HK,2020-10-26
HK,2020-12-25
HK,2020-12-28
HK,2021-01-01
HK,2021-04-02
HK,2021-04-05
HK,2021-07-01
HK,2021-10-01
HK,2022-04-15
HK,2022-04-18
HK,2022-05-02
HK,2022-07-01
HK,2022-12-26
HK,2023-01-02
HK,2023-04-07
HK,2023-04-10
HK,2023-05-01
HK,2023-10-02
HK,2023-12-25
HK,2023-12-26
HK,2024-01-01
HK,2024-03-29
HK,2024-04-01
HK,2024-05-01
HK,2024-07-01
HK,2024-10-01
HK,2024-12-25
HK,2024-12-26
HK,2025-01-01
HK,2025-04-18
HK,2025-04-21
HK,2025-05-01
HK,2025-07-01
HK,2025-10-01
HK,2025-12-25
HK,2025-12-26
HK,2026-01-01
HK,2026-04-03
HK,2026-04-06
HK,2026-05-01
HK,2026-07-01
HK,2026-10-01
HK,2026-12-25
HK,2027-01-01
HK,2027-03-26
HK,2027-03-29
HK,2027-07-01
HK,2027-10-01
HK,2028-04-14
HK,2028-04-17
HK,2028-05-01
HK,2028-10-02
HK,2028-12-25
HK,2028-12-26
HK,2029-01-01
HK,2029-03-30
HK,2029-04-02
HK,2029-05-01
HK,2029-07-02
HK,2029-10-01
HK,2029-12-25
HK,2029-12-26
HK,2030-01-01
HK,2030-04-19
HK,2030-04-22
HK,2030-05-01
HK,2030-07-01
HK,2030-10-01
HK,2030-12-25
HK,2030-12-26
HU,2000-03-15
HU,2000-04-21
HU,2000-04-24
HU,2000-05-01
HU,2000-06-12
HU,2000-10-23
HU,2000-11-01
HU,2000-12-25
HU,2000-12-26
HU,2001-01-01
HU,2001-03-15
HU,2001-04-13
HU,2001-04-16
HU,2001-05-01
HU,2001-06-04
HU,2001-08-20
HU,2001-10-23
HU,2001-11-01
HU,2001-12-25
HU,2001-12-26
HU,2002-01-01
HU,2002-03-15
HU,2002-03-29
HU,2002-04-01
HU,2002-05-01
HU,2002-05-20
HU,2002-08-20
HU,2002-10-23
HU,2002-11-01
HU,2002-12-25
HU,2002-12-26
HU,2003-01-01
HU,2003-04-18
HU,2003-04-21
HU,2003-05-01
HU,2003-06-09
HU,2003-08-20
HU,2003-10-23
HU,2003-12-25
HU,2003-12-26
HU,2004-01-01
HU,2004-03-15
HU,2004-04-09
HU,2004-04-12
HU,2004-05-31
HU,2004-08-20
HU,2004-11-01
HU,2005-03-15
HU,2005-03-25
HU,2005-03-28
HU,2005-05-16
HU,2005-11-01
HU,2005-12-26
HU,2006-03-15
HU,2006-04-14
HU,2006-04-17
HU,2006-05-01
HU,2006-06-05
HU,2006-10-23
HU,2006-11-01
HU,2006-12-25
HU,2006-12-26
HU,2007-01-01
HU,2007-03-15
HU,2007-04-06
HU,2007-04-09
HU,2007-05-01
HU,2007-05-28
HU,2007-08-20
HU,2007-10-23
HU,2007-11-01
HU,2007-12-25
HU,2007-12-26
HU,2008-01-01
HU,2008-03-21
HU,2008-03-24
HU,2008-05-01
HU,2008-05-12
HU,2008-08-20
HU,2008-10-23
HU,2008-12-25
HU,2008-12-26
HU,2009-01-01
HU,2009-04-10
HU,2009-04-13
HU,2009-05-01
HU,2009-06-01
HU,2009-08-20
HU,2009-10-23
HU,2009-12-25
HU,2010-01-01
HU,2010-03-15
HU,2010-04-02
HU,2010-04-05
HU,2010-05-24
HU,2010-08-20
HU,2010-11-01
HU,2011-03-15
HU,2011-04-22
HU,2011-04-25
HU,2011-06-13
HU,2011-11-01
HU,2011-12-26
HU,2012-03-15
HU,2012-04-06
HU,2012-04-09
HU,2012-05-01
HU,2012-05-28
HU,2012-08-20
HU,2012-10-23
HU,2012-11-01
HU,2012-12-25
HU,2012-12-26
HU,2013-01-01
HU,2013-03-15
HU,2013-03-29
HU,2013-04-01
HU,2013-05-01
HU,2013-05-20
HU,2013-08-20
HU,2013-10-23
HU,2013-11-01
HU,2013-12-25
HU,2013-12-26
HU,2014-01-01
HU,2014-04-18
HU,2014-04-21
HU,2014-05-01
HU,2014-06-09
HU,2014-08-20
HU,2014-10-23
HU,2014-12-25
HU,2014-12-26
HU,2015-01-01
HU,2015-04-03
HU,2015-04-06
HU,2015-05-01
HU,2015-05-25
HU,2015-08-20
HU,2015-10-23
HU,2015-12-25
HU,2016-01-01
HU,2016-03-15
HU,2016-03-25
HU,2016-03-28
HU,2016-05-16
HU,2016-11-01
HU,2016-12-26
HU,2017-03-15
HU,2017-04-14
HU,2017-04-17
HU,2017-05-01
HU,2017-06-05
HU,2017-10-23
HU,2017-11-01
HU,2017-12-25
HU,2017-12-26
HU,2018-01-01
HU,2018-03-15
HU,2018-03-30
HU,2018-04-02
HU,2018-05-01
HU,2018-05-21
HU,2018-08-20
HU,2018-10-23
HU,2018-11-01
HU,2018-12-25
HU,2018-12-26
HU,2019-01-01
HU,2019-03-15
HU,2019-04-19
HU,2019-04-22
HU,2019-05-01
HU,2019-06-10
HU,2019-08-20
HU,2019-10-23
HU,2019-11-01
HU,2019-12-25
HU,2019-12-26
HU,2020-01-01
HU,2020-04-10
HU,2020-04-13
HU,2020-05-01
HU,2020-06-01
HU,2020-08-20
HU,2020-10-23
HU,2020-12-25
HU,2021-01-01
HU,2021-03-15
HU,2021-04-02
HU,2021-04-05
HU,2021-05-24
HU,2021-08-20
HU,2021-11-01
HU,2022-03-15
HU,2022-04-15
HU,2022-04-18
HU,2022-06-06
HU,2022-11-01
HU,2022-12-26
HU,2023-03-15
HU,2023-04-07
HU,2023-04-10
HU,2023-05-01
HU,2023-05-29
HU,2023-10-23
HU,2023-11-01
HU,2023-12-25
HU,2023-12-26
HU,2024-01-01
HU,2024-03-15
HU,2024-03-29
HU,2024-04-01
HU,2024-05-01
HU,2024-05-20
HU,2024-08-20
HU,2024-10-23
HU,2024-11-01
HU,2024-12-25
HU,2024-12-26
HU,2025-01-01
HU,2025-04-18
HU,2025-04-21
HU,2025-05-01
HU,2025-06-09
HU,2025-08-20
HU,2025-10-23
HU,2025-12-25
HU,2025-12-26
HU,2026-01-01
HU,2026-04-03
HU,2026-04-06
HU,2026-05-01
HU,2026-05-25
HU,2026-08-20
HU,2026-10-23
HU,2026-12-25
HU,2027-01-01
HU,2027-03-15
HU,2027-03-26
HU,2027-03-29
HU,2027-05-17
HU,2027-08-20
HU,2027-11-01
HU,2028-03-15
HU,2028-04-14
HU,2028-04-17
HU,2028-05-01
HU,2028-06-05
HU,2028-10-23
HU,2028-11-01
HU,2028-12-25
HU,2028-12-26
HU,2029-01-01
HU,2029-03-15
HU,2029-03-30
HU,2029-04-02
HU,2029-05-01
HU,2029-05-21
HU,2029-08-20
HU,2029-10-23
HU,2029-11-01
HU,2029-12-25
HU,2029-12-26
HU,2030-01-01
HU,2030-03-15
HU,2030-04-19
HU,2030-04-22
HU,2030-05-01
HU,2030-06-10
HU,2030-08-20
HU,2030-10-23
HU,2030-11-01
HU,2030-12-25
HU,2030-12-26
ID,2000-04-06
ID,2000-04-21
ID,2000-05-01
ID,2000-06-01
ID,2000-08-17
ID,2000-10-26
ID,2000-12-25
ID,2000-12-26
ID,2001-01-01
ID,2001-01-24
ID,2001-03-26
ID,2001-04-13
ID,2001-05-01
ID,2001-05-24
ID,2001-06-01
ID,2001-08-17
ID,2001-10-15
ID,2001-12-25
ID,2001-12-26
ID,2002-01-01
ID,2002-02-12
ID,2002-03-15
ID,2002-03-29
ID,2002-05-01
ID,2002-05-09
ID,2002-10-04
ID,2002-12-25
ID,2002-12-26
ID,2003-01-01
ID,2003-03-05
ID,2003-04-18
ID,2003-05-01
ID,2003-05-29
ID,2003-09-24
ID,2003-12-25
ID,2003-12-26
ID,2004-01-01
ID,2004-01-22
ID,2004-04-09
ID,2004-05-20
ID,2004-06-01
ID,2004-08-17
ID,2005-02-09
ID,2005-02-10
ID,2005-03-25
ID,2005-05-05
ID,2005-06-01
ID,2005-08-17
ID,2005-09-01
ID,2005-12-26
ID,2006-01-30
ID,2006-01-31
ID,2006-03-30
ID,2006-04-10
ID,2006-04-14
ID,2006-05-01
ID,2006-05-25
ID,2006-06-01
ID,2006-08-17
ID,2006-08-22
ID,2006-10-23
ID,2006-10-26
ID,2006-12-25
ID,2006-12-26
ID,2007-01-01
ID,2007-02-19
ID,2007-03-19
ID,2007-04-06
ID,2007-05-01
ID,2007-05-17
ID,2007-05-18
ID,2007-06-01
ID,2007-08-17
ID,2007-10-12
ID,2007-10-15
ID,2007-12-25
ID,2007-12-26
ID,2008-01-01
ID,2008-01-10
ID,2008-02-07
ID,2008-03-07
ID,2008-03-20
ID,2008-03-21
ID,2008-05-01
ID,2008-05-02
ID,2008-05-19
ID,2008-05-20
ID,2008-07-31
ID,2008-09-29
ID,2008-09-30
ID,2008-10-03
ID,2008-12-25
ID,2008-12-26
ID,2008-12-29
ID,2009-01-01
ID,2009-01-26
ID,2009-03-09
ID,2009-03-26
ID,2009-04-10
ID,2009-05-01
ID,2009-05-21
ID,2009-06-01
ID,2009-07-20
ID,2009-08-17
ID,2009-09-23
ID,2009-12-18
ID,2009-12-25
ID,2010-01-01
ID,2010-02-15
ID,2010-02-26
ID,2010-03-16
ID,2010-04-02
ID,2010-05-13
ID,2010-05-28
ID,2010-06-01
ID,2010-07-09
ID,2010-08-17
ID,2010-09-09
ID,2010-09-13
ID,2010-12-07
ID,2011-02-03
ID,2011-02-15
ID,2011-04-22
ID,2011-05-17
ID,2011-06-01
ID,2011-06-02
ID,2011-06-29
ID,2011-08-17
ID,2011-12-26
ID,2012-01-23
ID,2012-03-23
ID,2012-04-06
ID,2012-05-01
ID,2012-05-17
ID,2012-06-01
ID,2012-08-17
ID,2012-11-15
ID,2012-12-25
ID,2012-12-26
ID,2013-01-01
ID,2013-01-24
ID,2013-02-11
ID,2013-03-12
ID,2013-03-29
ID,2013-05-01
ID,2013-05-09
ID,2013-06-06
ID,2013-11-05
ID,2013-12-25
ID,2013-12-26
ID,2014-01-01
ID,2014-01-14
ID,2014-01-31
ID,2014-03-31
ID,2014-04-18
ID,2014-05-01
ID,2014-05-15
ID,2014-05-27
ID,2014-05-29
ID,2014-07-30
ID,2014-12-25
ID,2014-12-26
ID,2015-01-01
ID,2015-02-19
ID,2015-04-03
ID,2015-05-01
ID,2015-05-14
ID,2015-06-01
ID,2015-06-02
ID,2015-07-16
ID,2015-07-20
ID,2015-08-17
ID,2015-10-14
ID,2015-12-24
ID,2015-12-25
ID,2016-01-01
ID,2016-02-08
ID,2016-03-09
ID,2016-03-25
ID,2016-05-05
ID,2016-05-06
ID,2016-06-01
ID,2016-07-04
ID,2016-07-05
ID,2016-07-08
ID,2016-08-17
ID,2016-12-12
ID,2016-12-26
ID,2017-03-28
ID,2017-04-14
ID,2017-04-24
ID,2017-05-01
ID,2017-05-11
ID,2017-05-25
ID,2017-06-01
ID,2017-08-17
ID,2017-09-21
ID,2017-12-01
ID,2017-12-25
ID,2017-12-26
ID,2018-01-01
ID,2018-02-16
ID,2018-03-30
ID,2018-05-01
ID,2018-05-10
ID,2018-05-29
ID,2018-06-01
ID,2018-06-11
ID,2018-06-12
ID,2018-06-13
ID,2018-06-18
ID,2018-08-17
ID,2018-09-11
ID,2018-11-20
ID,2018-12-25
ID,2018-12-26
ID,2019-01-01
ID,2019-02-05
ID,2019-03-07
ID,2019-04-03
ID,2019-04-19
ID,2019-05-01
ID,2019-05-30
ID,2019-06-03
ID,2019-06-04
ID,2019-06-05
ID,2019-06-06
ID,2019-06-07
ID,2019-12-25
ID,2019-12-26
ID,2020-01-01
ID,2020-03-25
ID,2020-04-10
ID,2020-05-01
ID,2020-05-07
ID,2020-05-21
ID,2020-05-25
ID,2020-06-01
ID,2020-07-31
ID,2020-08-17
ID,2020-08-20
ID,2020-10-29
ID,2020-12-25
ID,2021-01-01
ID,2021-02-12
ID,2021-03-11
ID,2021-04-02
ID,2021-05-12
ID,2021-05-13
ID,2021-05-14
ID,2021-05-17
ID,2021-05-26
ID,2021-06-01
ID,2021-07-20
ID,2021-08-10
ID,2021-08-11
ID,2021-08-17
ID,2021-10-19
ID,2021-10-20
ID,2022-02-01
ID,2022-02-28
ID,2022-03-03
ID,2022-04-15
ID,2022-04-29
ID,2022-05-02
ID,2022-05-03
ID,2022-05-04
ID,2022-05-16
ID,2022-05-26
ID,2022-06-01
ID,2022-08-17
ID,2022-12-26
ID,2023-01-23
ID,2023-03-22
ID,2023-03-23
ID,2023-04-07
ID,2023-04-19
ID,2023-04-20
ID,2023-04-21
ID,2023-04-24
ID,2023-05-01
ID,2023-05-18
ID,2023-06-01
ID,2023-06-02
ID,2023-06-29
ID,2023-07-19
ID,2023-08-17
ID,2023-09-28
ID,2023-12-25
ID,2023-12-26
ID,2024-01-01
ID,2024-02-08
ID,2024-02-09
ID,2024-03-11
ID,2024-03-12
ID,2024-03-29
ID,2024-04-08
ID,2024-04-09
ID,2024-04-10
ID,2024-04-11
ID,2024-04-12
ID,2024-04-15
ID,2024-05-01
ID,2024-05-09
ID,2024-05-10
ID,2024-05-23
ID,2024-05-24
ID,2024-06-17
ID,2024-06-18
ID,2024-12-25
ID,2024-12-26
ID,2025-01-01
ID,2025-01-29
ID,2025-04-01
ID,2025-04-02
ID,2025-04-18
ID,2025-05-01
ID,2025-05-13
ID,2025-05-29
ID,2025-06-27
ID,2025-09-05
ID,2025-12-25
ID,2025-12-26
ID,2026-01-01
ID,2026-04-03
ID,2026-05-01
ID,2026-05-14
ID,2026-06-01
ID,2026-08-17
ID,2026-12-25
ID,2027-01-01
ID,2027-03-26
ID,2027-05-06
ID,2027-06-01
ID,2027-08-17
ID,2028-04-14
ID,2028-05-01
ID,2028-05-25
ID,2028-06-01
ID,2028-08-17
ID,2028-12-25
ID,2028-12-26
ID,2029-01-01
ID,2029-03-30
ID,2029-05-01
ID,2029-05-10
ID,2029-06-01
ID,2029-08-17
ID,2029-12-25
ID,2029-12-26
ID,2030-01-01
ID,2030-04-19
ID,2030-05-01
ID,2030-05-30
ID,2030-12-25
ID,2030-12-26
IL,2000-03-21
IL,2000-03-22
IL,2000-03-27
IL,2000-03-28
IL,2000-04-19
IL,2000-04-20
IL,2000-04-25
IL,2000-04-26
IL,2000-05-09
IL,2000-05-10
IL,2000-06-08
IL,2000-06-09
IL,2000-08-10
IL,2000-09-29
IL,2000-10-09
IL,2000-10-13
IL,2001-03-09
IL,2001-04-13
IL,2001-04-25
IL,2001-04-26
IL,2001-05-28
IL,2001-09-17
IL,2001-09-18
IL,2001-09-19
IL,2001-09-26
IL,2001-09-27
IL,2001-10-01
IL,2001-10-02
IL,2001-10-09
IL,2001-10-10
IL,2002-02-26
IL,2002-03-27
IL,2002-03-28
IL,2002-04-02
IL,2002-04-03
IL,2002-04-16
IL,2002-04-17
IL,2002-05-16
IL,2002-05-17
IL,2002-07-18
IL,2002-09-06
IL,2002-09-16
IL,2002-09-20
IL,2003-03-18
IL,2003-03-19
IL,2003-03-24
IL,2003-03-25
IL,2003-04-16
IL,2003-04-17
IL,2003-04-22
IL,2003-04-23
IL,2003-05-06
IL,2003-05-07
IL,2003-06-05
IL,2003-06-06
IL,2003-08-07
IL,2003-09-26
IL,2003-10-06
IL,2003-10-10
IL,2004-04-05
IL,2004-04-06
IL,2004-04-12
IL,2004-04-26
IL,2004-04-27
IL,2004-05-25
IL,2004-05-26
IL,2004-07-27
IL,2004-09-15
IL,2004-09-16
IL,2004-09-17
IL,2004-09-24
IL,2004-09-29
IL,2004-09-30
IL,2004-10-07
IL,2004-10-08
IL,2005-02-23
IL,2005-03-25
IL,2005-03-31
IL,2005-04-01
IL,2005-04-29
IL,2005-05-11
IL,2005-05-12
IL,2005-06-13
IL,2005-10-03
IL,2005-10-04
IL,2005-10-05
IL,2005-10-12
IL,2005-10-13
IL,2005-10-17
IL,2005-10-18
IL,2005-10-25
IL,2005-10-26
IL,2006-03-14
IL,2006-04-12
IL,2006-04-13
IL,2006-04-18
IL,2006-04-19
IL,2006-05-02
IL,2006-05-03
IL,2006-06-01
IL,2006-06-02
IL,2006-08-03
IL,2006-09-22
IL,2006-10-02
IL,2006-10-06
IL,2007-04-02
IL,2007-04-03
IL,2007-04-09
IL,2007-04-23
IL,2007-04-24
IL,2007-05-22
IL,2007-05-23
IL,2007-07-24
IL,2007-09-12
IL,2007-09-13
IL,2007-09-14
IL,2007-09-21
IL,2007-09-26
IL,2007-09-27
IL,2007-10-04
IL,2007-10-05
IL,2008-02-20
IL,2008-03-21
IL,2008-03-27
IL,2008-03-28
IL,2008-04-25
IL,2008-05-07
IL,2008-05-08
IL,2008-06-09
IL,2008-09-29
IL,2008-09-30
IL,2008-10-01
IL,2008-10-08
IL,2008-10-09
IL,2008-10-13
IL,2008-10-14
IL,2008-10-21
IL,2008-10-22
IL,2009-03-10
IL,2009-04-08
IL,2009-04-09
IL,2009-04-14
IL,2009-04-15
IL,2009-04-28
IL,2009-04-29
IL,2009-05-28
IL,2009-05-29
IL,2009-07-30
IL,2009-09-18
IL,2009-09-28
IL,2009-10-02
IL,2010-03-29
IL,2010-03-30
IL,2010-04-05
IL,2010-04-19
IL,2010-04-20
IL,2010-05-18
IL,2010-05-19
IL,2010-07-20
IL,2010-09-08
IL,2010-09-09
IL,2010-09-10
IL,2010-09-17
IL,2010-09-22
IL,2010-09-23
IL,2010-09-30
IL,2010-10-01
IL,2011-02-18
IL,2011-03-21
IL,2011-04-18
IL,2011-04-19
IL,2011-04-25
IL,2011-05-09
IL,2011-05-10
IL,2011-06-07
IL,2011-06-08
IL,2011-08-09
IL,2011-09-28
IL,2011-09-29
IL,2011-09-30
IL,2011-10-07
IL,2011-10-12
IL,2011-10-13
IL,2011-10-20
IL,2011-10-21
IL,2012-03-08
IL,2012-04-06
IL,2012-04-12
IL,2012-04-13
IL,2012-04-25
IL,2012-04-26
IL,2012-09-17
IL,2012-09-18
IL,2012-09-25
IL,2012-09-26
IL,2012-10-01
IL,2012-10-08
IL,2012-10-09
IL,2013-03-25
IL,2013-03-26
IL,2013-04-01
IL,2013-04-15
IL,2013-04-16
IL,2013-05-14
IL,2013-05-15
IL,2013-07-16
IL,2013-09-04
IL,2013-09-05
IL,2013-09-06
IL,2013-09-13
IL,2013-09-18
IL,2013-09-19
IL,2013-09-26
IL,2013-09-27
IL,2014-02-14
IL,2014-03-17
IL,2014-04-14
IL,2014-04-15
IL,2014-04-21
IL,2014-05-05
IL,2014-05-06
IL,2014-06-03
IL,2014-06-04
IL,2014-08-05
IL,2014-09-24
IL,2014-09-25
IL,2014-09-26
IL,2014-10-03
IL,2014-10-08
IL,2014-10-09
IL,2014-10-16
IL,2014-10-17
IL,2015-03-05
IL,2015-04-03
IL,2015-04-09
IL,2015-04-10
IL,2015-04-22
IL,2015-04-23
IL,2015-09-14
IL,2015-09-15
IL,2015-09-22
IL,2015-09-23
IL,2015-09-28
IL,2015-10-05
IL,2015-10-06
IL,2016-02-23
IL,2016-03-24
IL,2016-03-25
IL,2016-03-30
IL,2016-03-31
IL,2016-04-22
IL,2016-04-28
IL,2016-04-29
IL,2016-05-11
IL,2016-05-12
IL,2016-10-03
IL,2016-10-04
IL,2016-10-11
IL,2016-10-12
IL,2016-10-17
IL,2016-10-24
IL,2016-10-25
IL,2017-04-10
IL,2017-04-11
IL,2017-04-17
IL,2017-05-01
IL,2017-05-02
IL,2017-05-30
IL,2017-05-31
IL,2017-08-01
IL,2017-09-20
IL,2017-09-21
IL,2017-09-22
IL,2017-09-29
IL,2017-10-04
IL,2017-10-05
IL,2017-10-12
IL,2017-10-13
IL,2018-03-01
IL,2018-03-30
IL,2018-04-05
IL,2018-04-06
IL,2018-04-18
IL,2018-04-19
IL,2018-09-10
IL,2018-09-11
IL,2018-09-18
IL,2018-09-19
IL,2018-09-24
IL,2018-10-01
IL,2018-10-02
IL,2019-02-19
IL,2019-03-21
IL,2019-03-22
IL,2019-03-27
IL,2019-03-28
IL,2019-04-19
IL,2019-04-25
IL,2019-04-26
IL,2019-05-08
IL,2019-05-09
IL,2019-09-30
IL,2019-10-01
IL,2019-10-08
IL,2019-10-09
IL,2019-10-14
IL,2019-10-21
IL,2019-10-22
IL,2020-03-10
IL,2020-04-08
IL,2020-04-09
IL,2020-04-14
IL,2020-04-15
IL,2020-04-28
IL,2020-04-29
IL,2020-05-28
IL,2020-05-29
IL,2020-07-30
IL,2020-09-18
IL,2020-09-28
IL,2020-10-02
IL,2021-02-26
IL,2021-04-02
IL,2021-04-14
IL,2021-04-15
IL,2021-05-17
IL,2021-09-06
IL,2021-09-07
IL,2021-09-08
IL,2021-09-15
IL,2021-09-16
IL,2021-09-20
IL,2021-09-21
IL,2021-09-28
IL,2021-09-29
IL,2022-02-15
IL,2022-03-17
IL,2022-03-18
IL,2022-03-23
IL,2022-03-24
IL,2022-04-15
IL,2022-04-21
IL,2022-04-22
IL,2022-05-04
IL,2022-05-05
IL,2022-09-26
IL,2022-09-27
IL,2022-10-04
IL,2022-10-05
IL,2022-10-10
IL,2022-10-17
IL,2022-10-18
IL,2023-03-07
IL,2023-04-05
IL,2023-04-06
IL,2023-04-11
IL,2023-04-12
IL,2023-04-25
IL,2023-04-26
IL,2023-05-25
IL,2023-05-26
IL,2023-07-27
IL,2023-09-15
IL,2023-09-25
IL,2023-09-29
IL,2024-02-23
IL,2024-03-25
IL,2024-04-22
IL,2024-04-23
IL,2024-04-29
IL,2024-05-13
IL,2024-05-14
IL,2024-06-11
IL,2024-06-12
IL,2024-08-13
IL,2024-10-02
IL,2024-10-03
IL,2024-10-04
IL,2024-10-11
IL,2024-10-16
IL,2024-10-17
IL,2024-10-24
IL,2024-10-25
IL,2025-03-14
IL,2025-04-18
IL,2025-04-30
IL,2025-05-01
IL,2025-06-02
IL,2025-09-22
IL,2025-09-23
IL,2025-09-24
IL,2025-10-01
IL,2025-10-02
IL,2025-10-06
IL,2025-10-07
IL,2025-10-14
IL,2025-10-15
IL,2026-03-03
IL,2026-04-01
IL,2026-04-02
IL,2026-04-07
IL,2026-04-08
IL,2026-04-21
IL,2026-04-22
IL,2026-05-21
IL,2026-05-22
IL,2026-07-23
IL,2026-09-11
IL,2026-09-21
IL,2026-09-25
IL,2027-03-23
IL,2027-03-24
IL,2027-03-29
IL,2027-03-30
IL,2027-04-21
IL,2027-04-22
IL,2027-04-27
IL,2027-04-28
IL,2027-05-11
IL,2027-05-12
IL,2027-06-10
IL,2027-06-11
IL,2027-08-12
IL,2027-10-01
IL,2027-10-11
IL,2027-10-15
IL,2028-04-10
IL,2028-04-11
IL,2028-04-17
IL,2028-05-01
IL,2028-05-02
IL,2028-05-30
IL,2028-05-31
IL,2028-08-01
IL,2028-09-20
IL,2028-09-21
IL,2028-09-22
IL,2028-09-29
IL,2028-10-04
IL,2028-10-05
IL,2028-10-12
IL,2028-10-13
IL,2029-03-01
IL,2029-03-30
IL,2029-04-05
IL,2029-04-06
IL,2029-04-18
IL,2029-04-19
IL,2029-09-10
IL,2029-09-11
IL,2029-09-18
IL,2029-09-19
IL,2029-09-24
IL,2029-10-01
IL,2029-10-02
IL,2030-03-19
IL,2030-03-20
IL,2030-03-25
IL,2030-03-26
IL,2030-04-17
IL,2030-04-18
IL,2030-04-23
IL,2030-04-24
IL,2030-05-07
IL,2030-05-08
IL,2030-06-06
IL,2030-06-07
IL,2030-08-08
IL,2030-09-27
IL,2030-10-07
IL,2030-10-11
IN,2000-01-26
IN,2000-03-16
IN,2000-03-20
IN,2000-04-12
IN,2000-04-21
IN,2000-05-01
IN,2000-08-15
IN,2000-10-02
IN,2000-10-26
IN,2000-12-25
IN,2000-12-28
IN,2001-01-26
IN,2001-02-21
IN,2001-03-06
IN,2001-04-02
IN,2001-04-13
IN,2001-05-01
IN,2001-08-15
IN,2001-10-02
IN,2001-10-26
IN,2001-11-14
IN,2001-12-17
IN,2001-12-25
IN,2002-03-12
IN,2002-03-29
IN,2002-05-01
IN,2002-08-15
IN,2002-10-02
IN,2002-10-15
IN,2002-11-04
IN,2002-12-06
IN,2002-12-25
IN,2003-02-12
IN,2003-03-18
IN,2003-04-11
IN,2003-04-18
IN,2003-05-01
IN,2003-08-15
IN,2003-10-02
IN,2003-11-26
IN,2003-12-25
IN,2004-01-26
IN,2004-02-02
IN,2004-02-18
IN,2004-03-30
IN,2004-04-09
IN,2004-10-22
IN,2004-11-12
IN,2005-01-21
IN,2005-01-26
IN,2005-03-08
IN,2005-03-25
IN,2005-04-18
IN,2005-04-22
IN,2005-08-15
IN,2005-10-12
IN,2005-11-01
IN,2005-11-04
IN,2005-11-15
IN,2006-01-11
IN,2006-01-26
IN,2006-03-15
IN,2006-04-06
IN,2006-04-11
IN,2006-04-14
IN,2006-05-01
IN,2006-08-15
IN,2006-10-02
IN,2006-10-24
IN,2006-12-25
IN,2007-01-26
IN,2007-01-30
IN,2007-02-16
IN,2007-03-26
IN,2007-04-06
IN,2007-05-01
IN,2007-08-15
IN,2007-10-02
IN,2007-11-09
IN,2007-12-20
IN,2007-12-25
IN,2008-03-06
IN,2008-03-21
IN,2008-04-18
IN,2008-05-01
IN,2008-08-15
IN,2008-10-02
IN,2008-10-09
IN,2008-10-28
IN,2008-11-13
IN,2008-12-09
IN,2008-12-25
IN,2009-01-26
IN,2009-02-23
IN,2009-03-11
IN,2009-04-03
IN,2009-04-07
IN,2009-04-10
IN,2009-05-01
IN,2009-09-21
IN,2009-09-28
IN,2009-10-02
IN,2009-11-02
IN,2009-12-25
IN,2009-12-28
IN,2010-01-26
IN,2010-02-12
IN,2010-03-01
IN,2010-03-24
IN,2010-04-02
IN,2010-04-28
IN,2010-09-10
IN,2010-11-05
IN,2010-11-17
IN,2010-12-17
IN,2011-01-26
IN,2011-03-02
IN,2011-04-12
IN,2011-04-22
IN,2011-08-15
IN,2011-08-31
IN,2011-10-06
IN,2011-10-26
IN,2011-11-07
IN,2011-11-10
IN,2011-12-06
IN,2012-01-26
IN,2012-02-20
IN,2012-03-08
IN,2012-04-05
IN,2012-04-06
IN,2012-05-01
IN,2012-08-15
IN,2012-08-20
IN,2012-10-02
IN,2012-10-24
IN,2012-11-13
IN,2012-11-28
IN,2012-12-25
IN,2013-03-27
IN,2013-03-29
IN,2013-04-19
IN,2013-04-24
IN,2013-05-01
IN,2013-08-09
IN,2013-08-15
IN,2013-10-02
IN,2013-10-16
IN,2013-11-14
IN,2013-12-25
IN,2014-02-27
IN,2014-03-17
IN,2014-04-08
IN,2014-04-18
IN,2014-05-01
IN,2014-07-29
IN,2014-08-15
IN,2014-10-02
IN,2014-10-03
IN,2014-10-06
IN,2014-10-23
IN,2014-11-04
IN,2014-11-06
IN,2014-12-25
IN,2015-01-26
IN,2015-02-17
IN,2015-03-06
IN,2015-04-02
IN,2015-04-03
IN,2015-05-01
IN,2015-09-25
IN,2015-10-02
IN,2015-10-22
IN,2015-11-11
IN,2015-11-25
IN,2015-12-25
IN,2016-01-26
IN,2016-03-07
IN,2016-03-24
IN,2016-03-25
IN,2016-04-15
IN,2016-04-20
IN,2016-07-06
IN,2016-08-15
IN,2016-09-13
IN,2016-10-11
IN,2016-10-12
IN,2016-11-14
IN,2017-01-26
IN,2017-02-24
IN,2017-03-13
IN,2017-04-04
IN,2017-04-14
IN,2017-05-01
IN,2017-06-26
IN,2017-08-15
IN,2017-10-02
IN,2017-10-19
IN,2017-12-25
IN,2018-01-26
IN,2018-02-13
IN,2018-03-02
IN,2018-03-29
IN,2018-03-30
IN,2018-05-01
IN,2018-06-15
IN,2018-08-15
IN,2018-08-22
IN,2018-09-21
IN,2018-10-02
IN,2018-10-19
IN,2018-11-07
IN,2018-11-23
IN,2018-12-25
IN,2019-03-04
IN,2019-03-21
IN,2019-04-17
IN,2019-04-19
IN,2019-05-01
IN,2019-06-05
IN,2019-08-12
IN,2019-08-15
IN,2019-09-10
IN,2019-10-02
IN,2019-10-08
IN,2019-11-12
IN,2019-12-25
IN,2020-02-21
IN,2020-03-10
IN,2020-04-02
IN,2020-04-06
IN,2020-04-10
IN,2020-05-01
IN,2020-05-25
IN,2020-10-02
IN,2020-11-30
IN,2020-12-25
IN,2021-01-26
IN,2021-03-11
IN,2021-03-29
IN,2021-04-02
IN,2021-04-21
IN,2021-05-14
IN,2021-07-21
IN,2021-08-20
IN,2021-10-15
IN,2021-11-04
IN,2021-11-19
IN,2022-01-26
IN,2022-03-01
IN,2022-03-18
IN,2022-04-14
IN,2022-04-15
IN,2022-05-03
IN,2022-08-09
IN,2022-08-15
IN,2022-10-05
IN,2022-10-24
IN,2022-11-08
IN,2023-01-26
IN,2023-03-08
IN,2023-03-30
IN,2023-04-04
IN,2023-04-07
IN,2023-05-01
IN,2023-06-29
IN,2023-08-15
IN,2023-10-02
IN,2023-10-24
IN,2023-11-27
IN,2023-12-25
IN,2024-01-26
IN,2024-03-08
IN,2024-03-25
IN,2024-03-29
IN,2024-04-11
IN,2024-04-17
IN,2024-05-01
IN,2024-06-17
IN,2024-07-17
IN,2024-08-15
IN,2024-10-02
IN,2024-10-31
IN,2024-11-15
IN,2024-12-25
IN,2025-02-26
IN,2025-03-14
IN,2025-03-31
IN,2025-04-10
IN,2025-04-18
IN,2025-05-01
IN,2025-08-15
IN,2025-10-02
IN,2025-10-20
IN,2025-11-05
IN,2025-12-25
IN,2026-01-26
IN,2026-03-04
IN,2026-03-26
IN,2026-04-03
IN,2026-05-01
IN,2026-05-28
IN,2026-06-26
IN,2026-10-02
IN,2026-10-20
IN,2026-12-25
IN,2027-01-26
IN,2027-03-10
IN,2027-03-22
IN,2027-03-26
IN,2027-04-15
IN,2027-05-17
IN,2027-06-16
IN,2027-10-29
IN,2028-01-26
IN,2028-02-23
IN,2028-04-03
IN,2028-04-14
IN,2028-05-01
IN,2028-08-15
IN,2028-09-27
IN,2028-10-02
IN,2028-10-17
IN,2028-12-25
IN,2029-01-26
IN,2029-02-15
IN,2029-03-01
IN,2029-03-30
IN,2029-04-25
IN,2029-05-01
IN,2029-05-25
IN,2029-08-15
IN,2029-10-02
IN,2029-10-16
IN,2029-11-05
IN,2029-12-25
IN,2030-04-19
IN,2030-05-01
IN,2030-08-15
IN,2030-10-02
IN,2030-12-25
IS,2000-04-20
IS,2000-04-21
IS,2000-04-24
IS,2000-05-01
IS,2000-06-01
IS,2000-06-12
IS,2000-08-07
IS,2000-12-25
IS,2000-12-26
IS,2001-01-01
IS,2001-04-12
IS,2001-04-13
IS,2001-04-16
IS,2001-04-19
IS,2001-05-01
IS,2001-05-24
IS,2001-06-04
IS,2001-08-06
IS,2001-12-24
IS,2001-12-25
IS,2001-12-26
IS,2001-12-31
IS,2002-01-01
IS,2002-03-28
IS,2002-03-29
IS,2002-04-01
IS,2002-04-25
IS,2002-05-01
IS,2002-05-09
IS,2002-05-20
IS,2002-06-17
IS,2002-08-05
IS,2002-12-24
IS,2002-12-25
IS,2002-12-26
IS,2002-12-31
IS,2003-01-01
IS,2003-04-17
IS,2003-04-18
IS,2003-04-21
IS,2003-04-24
IS,2003-05-01
IS,2003-05-29
IS,2003-06-09
IS,2003-06-17
IS,2003-08-04
IS,2003-12-24
IS,2003-12-25
IS,2003-12-26
IS,2003-12-31
IS,2004-01-01
IS,2004-04-08
IS,2004-04-09
IS,2004-04-12
IS,2004-04-22
IS,2004-05-20
IS,2004-05-31
IS,2004-06-17
IS,2004-08-02
IS,2004-12-24
IS,2004-12-31
IS,2005-03-24
IS,2005-03-25
IS,2005-03-28
IS,2005-04-21
IS,2005-05-05
IS,2005-05-16
IS,2005-06-17
IS,2005-08-01
IS,2005-12-26
IS,2006-04-13
IS,2006-04-14
IS,2006-04-17
IS,2006-04-20
IS,2006-05-01
IS,2006-05-25
IS,2006-06-05
IS,2006-08-07
IS,2006-12-25
IS,2006-12-26
IS,2007-01-01
IS,2007-04-05
IS,2007-04-06
IS,2007-04-09
IS,2007-04-19
IS,2007-05-01
IS,2007-05-17
IS,2007-05-28
IS,2007-08-06
IS,2007-12-24
IS,2007-12-25
IS,2007-12-26
IS,2007-12-31
IS,2008-01-01
IS,2008-03-20
IS,2008-03-21
IS,2008-03-24
IS,2008-04-24
IS,2008-05-01
IS,2008-05-12
IS,2008-06-17
IS,2008-08-04
IS,2008-12-24
IS,2008-12-25
IS,2008-12-26
IS,2008-12-31
IS,2009-01-01
IS,2009-04-09
IS,2009-04-10
IS,2009-04-13
IS,2009-04-23
IS,2009-05-01
IS,2009-05-21
IS,2009-06-01
IS,2009-06-17
IS,2009-08-03
IS,2009-12-24
IS,2009-12-25
IS,2009-12-31
IS,2010-01-01
IS,2010-04-01
IS,2010-04-02
IS,2010-04-05
IS,2010-04-22
IS,2010-05-13
IS,2010-05-24
IS,2010-06-17
IS,2010-08-02
IS,2010-12-24
IS,2010-12-31
IS,2011-04-21
IS,2011-04-22
IS,2011-04-25
IS,2011-06-02
IS,2011-06-13
IS,2011-06-17
IS,2011-08-01
IS,2011-12-26
IS,2012-04-05
IS,2012-04-06
IS,2012-04-09
IS,2012-04-19
IS,2012-05-01
IS,2012-05-17
IS,2012-05-28
IS,2012-08-06
IS,2012-12-24
IS,2012-12-25
IS,2012-12-26
IS,2012-12-31
IS,2013-01-01
IS,2013-03-28
IS,2013-03-29
IS,2013-04-01
IS,2013-04-25
IS,2013-05-01
IS,2013-05-09
IS,2013-05-20
IS,2013-06-17
IS,2013-08-05
IS,2013-12-24
IS,2013-12-25
IS,2013-12-26
IS,2013-12-31
IS,2014-01-01
IS,2014-04-17
IS,2014-04-18
IS,2014-04-21
IS,2014-04-24
IS,2014-05-01
IS,2014-05-29
IS,2014-06-09
IS,2014-06-17
IS,2014-08-04
IS,2014-12-24
IS,2014-12-25
IS,2014-12-26
IS,2014-12-31
IS,2015-01-01
IS,2015-04-02
IS,2015-04-03
IS,2015-04-06
IS,2015-04-23
IS,2015-05-01
IS,2015-05-14
IS,2015-05-25
IS,2015-06-17
IS,2015-08-03
IS,2015-12-24
IS,2015-12-25
IS,2015-12-31
IS,2016-01-01
IS,2016-03-24
IS,2016-03-25
IS,2016-03-28
IS,2016-04-21
IS,2016-05-05
IS,2016-05-16
IS,2016-06-17
IS,2016-08-01
IS,2016-12-26
IS,2017-04-13
IS,2017-04-14
IS,2017-04-17
IS,2017-04-20
IS,2017-05-01
IS,2017-05-25
IS,2017-06-05
IS,2017-08-07
IS,2017-12-25
IS,2017-12-26
IS,2018-01-01
IS,2018-03-29
IS,2018-03-30
IS,2018-04-02
IS,2018-04-19
IS,2018-05-01
IS,2018-05-10
IS,2018-05-21
IS,2018-08-06
IS,2018-12-24
IS,2018-12-25
IS,2018-12-26
IS,2018-12-31
IS,2019-01-01
IS,2019-04-18
IS,2019-04-19
IS,2019-04-22
IS,2019-04-25
IS,2019-05-01
IS,2019-05-30
IS,2019-06-10
IS,2019-06-17
IS,2019-08-05
IS,2019-12-24
IS,2019-12-25
IS,2019-12-26
IS,2019-12-31
IS,2020-01-01
IS,2020-04-09
IS,2020-04-10
IS,2020-04-13
IS,2020-04-23
IS,2020-05-01
IS,2020-05-21
IS,2020-06-01
IS,2020-06-17
IS,2020-08-03
IS,2020-12-24
IS,2020-12-25
IS,2020-12-31
IS,2021-01-01
IS,2021-04-01
IS,2021-04-02
IS,2021-04-05
IS,2021-04-22
IS,2021-05-13
IS,2021-05-24
IS,2021-06-17
IS,2021-08-02
IS,2021-12-24
IS,2021-12-31
IS,2022-04-14
IS,2022-04-15
IS,2022-04-18
IS,2022-04-21
IS,2022-05-26
IS,2022-06-06
IS,2022-06-17
IS,2022-08-01
IS,2022-12-26
IS,2023-04-06
IS,2023-04-07
IS,2023-04-10
IS,2023-04-20
IS,2023-05-01
IS,2023-05-18
IS,2023-05-29
IS,2023-08-07
IS,2023-12-25
IS,2023-12-26
IS,2024-01-01
IS,2024-03-28
IS,2024-03-29
IS,2024-04-01
IS,2024-04-25
IS,2024-05-01
IS,2024-05-09
IS,2024-05-20
IS,2024-06-17
IS,2024-08-05
IS,2024-12-24
IS,2024-12-25
IS,2024-12-26
IS,2024-12-31
IS,2025-01-01
IS,2025-04-17
IS,2025-04-18
IS,2025-04-21
IS,2025-04-24
IS,2025-05-01
IS,2025-05-29
IS,2025-06-09
IS,2025-06-17
IS,2025-08-04
IS,2025-12-24
IS,2025-12-25
IS,2025-12-26
IS,2025-12-31
IS,2026-01-01
IS,2026-04-02
IS,2026-04-03
IS,2026-04-06
IS,2026-04-23
IS,2026-05-01
IS,2026-05-14
IS,2026-05-25
IS,2026-06-17
IS,2026-08-03
IS,2026-12-24
IS,2026-12-25
IS,2026-12-31
IS,2027-01-01
IS,2027-03-25
IS,2027-03-26
IS,2027-03-29
IS,2027-04-22
IS,2027-05-06
IS,2027-05-17
IS,2027-06-17
IS,2027-08-02
IS,2027-12-24
IS,2027-12-31
IS,2028-04-13
IS,2028-04-14
IS,2028-04-17
IS,2028-04-20
IS,2028-05-01
IS,2028-05-25
IS,2028-06-05
IS,2028-08-07
IS,2028-12-25
IS,2028-12-26
IS,2029-01-01
IS,2029-03-29
IS,2029-03-30
IS,2029-04-02
IS,2029-04-19
IS,2029-05-01
IS,2029-05-10
IS,2029-05-21
IS,2029-08-06
IS,2029-12-24
IS,2029-12-25
IS,2029-12-26
IS,2029-12-31
IS,2030-01-01
IS,2030-04-18
IS,2030-04-19
IS,2030-04-22
IS,2030-04-25
IS,2030-05-01
IS,2030-05-30
IS,2030-06-10
IS,2030-06-17
IS,2030-08-05
IS,2030-12-24
IS,2030-12-25
IS,2030-12-26
IS,2030-12-31
IT,2000-01-06
IT,2000-04-24
IT,2000-04-25
IT,2000-05-01
IT,2000-06-02
IT,2000-08-15
IT,2000-11-01
IT,2000-12-08
IT,2000-12-25
IT,2000-12-26
IT,2001-01-01
IT,2001-04-16
IT,2001-04-25
IT,2001-05-01
IT,2001-08-15
IT,2001-11-01
IT,2001-12-25
IT,2001-12-26
IT,2002-01-01
IT,2002-04-01
IT,2002-04-25
IT,2002-05-01
IT,2002-08-15
IT,2002-11-01
IT,2002-12-25
IT,2002-12-26
IT,2003-01-01
IT,2003-01-06
IT,2003-04-21
IT,2003-04-25
IT,2003-05-01
IT,2003-06-02
IT,2003-08-15
IT,2003-12-08
IT,2003-12-25
IT,2003-12-26
IT,2004-01-01
IT,2004-01-06
IT,2004-04-12
IT,2004-06-02
IT,2004-11-01
IT,2004-12-08
IT,2005-01-06
IT,2005-03-28
IT,2005-04-25
IT,2005-06-02
IT,2005-08-15
IT,2005-11-01
IT,2005-12-08
IT,2005-12-26
IT,2006-01-06
IT,2006-04-17
IT,2006-04-25
IT,2006-05-01
IT,2006-06-02
IT,2006-08-15
IT,2006-11-01
IT,2006-12-08
IT,2006-12-25
IT,2006-12-26
IT,2007-01-01
IT,2007-04-09
IT,2007-04-25
IT,2007-05-01
IT,2007-08-15
IT,2007-11-01
IT,2007-12-25
IT,2007-12-26
IT,2008-01-01
IT,2008-03-24
IT,2008-04-25
IT,2008-05-01
IT,2008-06-02
IT,2008-08-15
IT,2008-12-08
IT,2008-12-25
IT,2008-12-26
IT,2009-01-01
IT,2009-01-06
IT,2009-04-13
IT,2009-05-01
IT,2009-06-02
IT,2009-12-08
IT,2009-12-25
IT,2010-01-01
IT,2010-01-06
IT,2010-04-05
IT,2010-06-02
IT,2010-11-01
IT,2010-12-08
IT,2011-01-06
IT,2011-04-25
IT,2011-06-02
IT,2011-08-15
IT,2011-11-01
IT,2011-12-08
IT,2011-12-26
IT,2012-01-06
IT,2012-04-09
IT,2012-04-25
IT,2012-05-01
IT,2012-08-15
IT,2012-11-01
IT,2012-12-25
IT,2012-12-26
IT,2013-01-01
IT,2013-04-01
IT,2013-04-25
IT,2013-05-01
IT,2013-08-15
IT,2013-11-01
IT,2013-12-25
IT,2013-12-26
IT,2014-01-01
IT,2014-01-06
IT,2014-04-21
IT,2014-04-25
IT,2014-05-01
IT,2014-06-02
IT,2014-08-15
IT,2014-12-08
IT,2014-12-25
IT,2014-12-26
IT,2015-01-01
IT,2015-01-06
IT,2015-04-06
IT,2015-05-01
IT,2015-06-02
IT,2015-12-08
IT,2015-12-25
IT,2016-01-01
IT,2016-01-06
IT,2016-03-28
IT,2016-04-25
IT,2016-06-02
IT,2016-08-15
IT,2016-11-01
IT,2016-12-08
IT,2016-12-26
IT,2017-01-06
IT,2017-04-17
IT,2017-04-25
IT,2017-05-01
IT,2017-06-02
IT,2017-08-15
IT,2017-11-01
IT,2017-12-08
IT,2017-12-25
IT,2017-12-26
IT,2018-01-01
IT,2018-04-02
IT,2018-04-25
IT,2018-05-01
IT,2018-08-15
IT,2018-11-01
IT,2018-12-25
IT,2018-12-26
IT,2019-01-01
IT,2019-04-22
IT,2019-04-25
IT,2019-05-01
IT,2019-08-15
IT,2019-11-01
IT,2019-12-25
IT,2019-12-26
IT,2020-01-01
IT,2020-01-06
IT,2020-04-13
IT,2020-05-01
IT,2020-06-02
IT,2020-12-08
IT,2020-12-25
IT,2021-01-01
IT,2021-01-06
IT,2021-04-05
IT,2021-06-02
IT,2021-11-01
IT,2021-12-08
IT,2022-01-06
IT,2022-04-18
IT,2022-04-25
IT,2022-06-02
IT,2022-08-15
IT,2022-11-01
IT,2022-12-08
IT,2022-12-26
IT,2023-01-06
IT,2023-04-10
IT,2023-04-25
IT,2023-05-01
IT,2023-06-02
IT,2023-08-15
IT,2023-11-01
IT,2023-12-08
IT,2023-12-25
IT,2023-12-26
IT,2024-01-01
IT,2024-04-01
IT,2024-04-25
IT,2024-05-01
IT,2024-08-15
IT,2024-11-01
IT,2024-12-25
IT,2024-12-26
IT,2025-01-01
IT,2025-01-06
IT,2025-04-21
IT,2025-04-25
IT,2025-05-01
IT,2025-06-02
IT,2025-08-15
IT,2025-12-08
IT,2025-12-25
IT,2025-12-26
IT,2026-01-01
IT,2026-01-06
IT,2026-04-06
IT,2026-05-01
IT,2026-06-02
IT,2026-12-08
IT,2026-12-25
IT,2027-01-01
IT,2027-01-06
IT,2027-03-29
IT,2027-06-02
IT,2027-11-01
IT,2027-12-08
IT,2028-01-06
IT,2028-04-17
IT,2028-04-25
IT,2028-05-01
IT,2028-06-02
IT,2028-08-15
IT,2028-11-01
IT,2028-12-08
IT,2028-12-25
IT,2028-12-26
IT,2029-01-01
IT,2029-04-02
IT,2029-04-25
IT,2029-05-01
IT,2029-08-15
IT,2029-11-01
IT,2029-12-25
IT,2029-12-26
IT,2030-01-01
IT,2030-04-22
IT,2030-04-25
IT,2030-05-01
IT,2030-08-15
IT,2030-11-01
IT,2030-12-25
IT,2030-12-26
JP,2000-01-10
JP,2000-02-11
JP,2000-03-20
JP,2000-05-03
JP,2000-05-04
JP,2000-05-05
JP,2000-07-17
JP,2000-09-18
JP,2000-10-09
JP,2000-11-03
JP,2000-11-23
JP,2001-01-01
JP,2001-01-08
JP,2001-02-12
JP,2001-03-20
JP,2001-04-30
JP,2001-05-03
JP,2001-05-04
JP,2001-07-16
JP,2001-09-17
JP,2001-09-24
JP,2001-10-08
JP,2001-11-23
JP,2002-01-01
JP,2002-01-14
JP,2002-02-11
JP,2002-03-21
JP,2002-04-29
JP,2002-05-03
JP,2002-05-06
JP,2002-07-15
JP,2002-09-16
JP,2002-09-23
JP,2002-10-14
JP,2002-11-04
JP,2003-01-01
JP,2003-01-13
JP,2003-02-11
JP,2003-03-21
JP,2003-04-29
JP,2003-05-05
JP,2003-07-21
JP,2003-09-15
JP,2003-09-23
JP,2003-10-13
JP,2003-11-03
JP,2003-11-24
JP,2004-01-01
JP,2004-01-12
JP,2004-02-11
JP,2004-04-29
JP,2004-05-03
JP,2004-05-04
JP,2004-05-05
JP,2004-07-19
JP,2004-09-20
JP,2004-09-23
JP,2004-10-11
JP,2004-11-03
JP,2004-11-23
JP,2005-01-10
JP,2005-02-11
JP,2005-03-21
JP,2005-04-29
JP,2005-05-03
JP,2005-05-04
JP,2005-05-05
JP,2005-07-18
JP,2005-09-19
JP,2005-09-23
JP,2005-10-10
JP,2005-11-03
JP,2005-11-23
JP,2006-01-02
JP,2006-01-09
JP,2006-03-21
JP,2006-05-03
JP,2006-05-04
JP,2006-05-05
JP,2006-07-17
JP,2006-09-18
JP,2006-10-09
JP,2006-11-03
JP,2006-11-23
JP,2007-01-01
JP,2007-01-08
JP,2007-02-12
JP,2007-03-21
JP,2007-04-30
JP,2007-05-03
JP,2007-05-04
JP,2007-07-16
JP,2007-09-17
JP,2007-09-24
JP,2007-10-08
JP,2007-11-23
JP,2008-01-01
JP,2008-01-14
JP,2008-02-11
JP,2008-03-20
JP,2008-04-29
JP,2008-05-05
JP,2008-07-21
JP,2008-09-15
JP,2008-09-23
JP,2008-10-13
JP,2008-11-03
JP,2008-11-24
JP,2009-01-01
JP,2009-01-12
JP,2009-02-11
JP,2009-03-20
JP,2009-04-29
JP,2009-05-04
JP,2009-05-05
JP,2009-07-20
JP,2009-09-21
JP,2009-09-23
JP,2009-10-12
JP,2009-11-03
JP,2009-11-23
JP,2010-01-01
JP,2010-01-11
JP,2010-02-11
JP,2010-03-22
JP,2010-04-29
JP,2010-05-03
JP,2010-05-04
JP,2010-05-05
JP,2010-07-19
JP,2010-09-20
JP,2010-09-23
JP,2010-10-11
JP,2010-11-03
JP,2010-11-23
JP,2011-01-10
JP,2011-02-11
JP,2011-03-21
JP,2011-04-29
JP,2011-05-03
JP,2011-05-04
JP,2011-05-05
JP,2011-07-18
JP,2011-09-19
JP,2011-09-23
JP,2011-10-10
JP,2011-11-03
JP,2011-11-23
JP,2012-01-02
JP,2012-01-09
JP,2012-03-20
JP,2012-04-30
JP,2012-05-03
JP,2012-05-04
JP,2012-07-16
JP,2012-09-17
JP,2012-10-08
JP,2012-11-23
JP,2013-01-01
JP,2013-01-14
JP,2013-02-11
JP,2013-03-20
JP,2013-04-29
JP,2013-05-03
JP,2013-05-06
JP,2013-07-15
JP,2013-09-16
JP,2013-09-23
JP,2013-10-14
JP,2013-11-04
JP,2014-01-01
JP,2014-01-13
JP,2014-02-11
JP,2014-03-21
JP,2014-04-29
JP,2014-05-05
JP,2014-07-21
JP,2014-09-15
JP,2014-09-23
JP,2014-10-13
JP,2014-11-03
JP,2014-11-24
JP,2015-01-01
JP,2015-01-12
JP,2015-02-11
JP,2015-04-29
JP,2015-05-04
JP,2015-05-05
JP,2015-07-20
JP,2015-09-21
JP,2015-09-23
JP,2015-10-12
JP,2015-11-03
JP,2015-11-23
JP,2016-01-01
JP,2016-01-11
JP,2016-02-11
JP,2016-03-21
JP,2016-04-29
JP,2016-05-03
JP,2016-05-04
JP,2016-05-05
JP,2016-07-18
JP,2016-08-11
JP,2016-09-19
JP,2016-09-22
JP,2016-10-10
JP,2016-11-03
JP,2016-11-23
JP,2017-01-02
JP,2017-01-09
JP,2017-03-20
JP,2017-05-03
JP,2017-05-04
JP,2017-05-05
JP,2017-07-17
JP,2017-08-11
JP,2017-09-18
JP,2017-10-09
JP,2017-11-03
JP,2017-11-23
JP,2018-01-01
JP,2018-01-08
JP,2018-02-12
JP,2018-03-21
JP,2018-04-30
JP,2018-05-03
JP,2018-05-04
JP,2018-07-16
JP,2018-09-17
JP,2018-09-24
JP,2018-10-08
JP,2018-11-23
JP,2018-12-24
JP,2019-01-01
JP,2019-01-14
JP,2019-02-11
JP,2019-03-21
JP,2019-04-29
JP,2019-04-30
JP,2019-05-01
JP,2019-05-02
JP,2019-05-03
JP,2019-05-06
JP,2019-07-15
JP,2019-08-12
JP,2019-09-16
JP,2019-09-23
JP,2019-10-14
JP,2019-10-22
JP,2019-11-04
JP,2020-01-01
JP,2020-01-13
JP,2020-02-11
JP,2020-02-24
JP,2020-03-20
JP,2020-04-29
JP,2020-05-04
JP,2020-05-05
JP,2020-05-06
JP,2020-07-23
JP,2020-07-24
JP,2020-08-10
JP,2020-09-21
JP,2020-09-22
JP,2020-11-03
JP,2020-11-23
JP,2021-01-01
JP,2021-01-11
JP,2021-02-11
JP,2021-02-23
JP,2021-04-29
JP,2021-05-03
JP,2021-05-04
JP,2021-05-05
JP,2021-07-22
JP,2021-07-23
JP,2021-08-09
JP,2021-09-20
JP,2021-09-23
JP,2021-11-03
JP,2021-11-23
JP,2022-01-10
JP,2022-02-11
JP,2022-02-23
JP,2022-03-21
JP,2022-04-29
JP,2022-05-03
JP,2022-05-04
JP,2022-05-05
JP,2022-07-18
JP,2022-08-11
JP,2022-09-19
JP,2022-09-23
JP,2022-10-10
JP,2022-11-03
JP,2022-11-23
JP,2023-01-02
JP,2023-01-09
JP,2023-02-23
JP,2023-03-21
JP,2023-05-03
JP,2023-05-04
JP,2023-05-05
JP,2023-07-17
JP,2023-08-11
JP,2023-09-18
JP,2023-10-09
JP,2023-11-03
JP,2023-11-23
JP,2024-01-01
JP,2024-01-08
JP,2024-02-12
JP,2024-02-23
JP,2024-03-20
JP,2024-04-29
JP,2024-05-03
JP,2024-05-06
JP,2024-07-15
JP,2024-08-12
JP,2024-09-16
JP,2024-09-23
JP,2024-10-14
JP,2024-11-04
JP,2025-01-01
JP,2025-01-13
JP,2025-02-11
JP,2025-02-24
JP,2025-03-20
JP,2025-04-29
JP,2025-05-05
JP,2025-05-06
JP,2025-07-21
JP,2025-08-11
JP,2025-09-15
JP,2025-09-23
JP,2025-10-13
JP,2025-11-03
JP,2025-11-24
JP,2026-01-01
JP,2026-01-12
JP,2026-02-11
JP,2026-02-23
JP,2026-03-20
JP,2026-04-29
JP,2026-05-04
JP,2026-05-05
JP,2026-05-06
JP,2026-07-20
JP,2026-08-11
JP,2026-09-21
JP,2026-09-22
JP,2026-09-23
JP,2026-10-12
JP,2026-11-03
JP,2026-11-23
JP,2027-01-01
JP,2027-01-11
JP,2027-02-11
JP,2027-02-23
JP,2027-03-22
JP,2027-04-29
JP,2027-05-03
JP,2027-05-04
JP,2027-05-05
JP,2027-07-19
JP,2027-08-11
JP,2027-09-20
JP,2027-09-23
JP,2027-10-11
JP,2027-11-03
JP,2027-11-23
JP,2028-01-10
JP,2028-02-11
JP,2028-02-23
JP,2028-03-20
JP,2028-05-03
JP,2028-05-04
JP,2028-05-05
JP,2028-07-17
JP,2028-08-11
JP,2028-09-18
JP,2028-09-22
JP,2028-10-09
JP,2028-11-03
JP,2028-11-23
JP,2029-01-01
JP,2029-01-08
JP,2029-02-12
JP,2029-02-23
JP,2029-03-20
JP,2029-04-30
JP,2029-05-03
JP,2029-05-04
JP,2029-07-16
JP,2029-09-17
JP,2029-09-24
JP,2029-10-08
JP,2029-11-23
JP,2030-01-01
JP,2030-01-14
JP,2030-02-11
JP,2030-03-20
JP,2030-04-29
JP,2030-05-03
JP,2030-05-06
JP,2030-07-15
JP,2030-08-12
JP,2030-09-16
JP,2030-09-23
JP,2030-10-14
JP,2030-11-04
MX,2000-02-07
MX,2000-03-20
MX,2000-05-01
MX,2000-11-20
MX,2000-12-25
MX,2001-01-01
MX,2001-02-05
MX,2001-03-19
MX,2001-05-01
MX,2001-11-19
MX,2001-12-25
MX,2002-01-01
MX,2002-02-04
MX,2002-03-18
MX,2002-05-01
MX,2002-09-16
MX,2002-11-18
MX,2002-12-25
MX,2003-01-01
MX,2003-02-03
MX,2003-03-17
MX,2003-05-01
MX,2003-09-16
MX,2003-11-17
MX,2003-12-25
MX,2004-01-01
MX,2004-02-02
MX,2004-03-15
MX,2004-09-16
MX,2004-11-15
MX,2005-02-07
MX,2005-03-21
MX,2005-09-16
MX,2005-11-21
MX,2006-02-06
MX,2006-03-20
MX,2006-05-01
MX,2006-11-20
MX,2006-12-25
MX,2007-01-01
MX,2007-02-05
MX,2007-03-19
MX,2007-05-01
MX,2007-11-19
MX,2007-12-25
MX,2008-01-01
MX,2008-02-04
MX,2008-03-17
MX,2008-05-01
MX,2008-09-16
MX,2008-11-17
MX,2008-12-25
MX,2009-01-01
MX,2009-02-02
MX,2009-03-16
MX,2009-05-01
MX,2009-09-16
MX,2009-11-16
MX,2009-12-25
MX,2010-01-01
MX,2010-02-01
MX,2010-03-15
MX,2010-09-16
MX,2010-11-15
MX,2011-02-07
MX,2011-03-21
MX,2011-09-16
MX,2011-11-21
MX,2012-02-06
MX,2012-03-19
MX,2012-05-01
MX,2012-10-01
MX,2012-11-19
MX,2012-12-25
MX,2013-01-01
MX,2013-02-04
MX,2013-03-18
MX,2013-05-01
MX,2013-09-16
MX,2013-11-18
MX,2013-12-25
MX,2014-01-01
MX,2014-02-03
MX,2014-03-17
MX,2014-05-01
MX,2014-09-16
MX,2014-11-17
MX,2014-12-25
MX,2015-01-01
MX,2015-02-02
MX,2015-03-16
MX,2015-05-01
MX,2015-09-16
MX,2015-11-16
MX,2015-12-25
MX,2016-01-01
MX,2016-02-01
MX,2016-03-21
MX,2016-09-16
MX,2016-11-21
MX,2017-02-06
MX,2017-03-20
MX,2017-05-01
MX,2017-11-20
MX,2017-12-25
MX,2018-01-01
MX,2018-02-05
MX,2018-03-19
MX,2018-05-01
MX,2018-10-01
MX,2018-11-19
MX,2018-12-25
MX,2019-01-01
MX,2019-02-04
MX,2019-03-18
MX,2019-05-01
MX,2019-09-16
MX,2019-11-18
MX,2019-12-25
MX,2020-01-01
MX,2020-02-03
MX,2020-03-16
MX,2020-05-01
MX,2020-09-16
MX,2020-11-16
MX,2020-12-25
MX,2021-01-01
MX,2021-02-01
MX,2021-03-15
MX,2021-09-16
MX,2021-11-15
MX,2022-02-07
MX,2022-03-21
MX,2022-09-16
MX,2022-11-21
MX,2023-02-06
MX,2023-03-20
MX,2023-05-01
MX,2023-11-20
MX,2023-12-25
MX,2024-01-01
MX,2024-02-05
MX,2024-03-18
MX,2024-05-01
MX,2024-09-16
MX,2024-10-01
MX,2024-11-18
MX,2024-12-25
MX,2025-01-01
MX,2025-02-03
MX,2025-03-17
MX,2025-05-01
MX,2025-09-16
MX,2025-11-17
MX,2025-12-25
MX,2026-01-01
MX,2026-02-02
MX,2026-03-16
MX,2026-05-01
MX,2026-09-16
MX,2026-11-16
MX,2026-12-25
MX,2027-01-01
MX,2027-02-01
MX,2027-03-15
MX,2027-09-16
MX,2027-11-15
MX,2028-02-07
MX,2028-03-20
MX,2028-05-01
MX,2028-11-20
MX,2028-12-25
MX,2029-01-01
MX,2029-02-05
MX,2029-03-19
MX,2029-05-01
MX,2029-11-19
MX,2029-12-25
MX,2030-01-01
MX,2030-02-04
MX,2030-03-18
MX,2030-05-01
MX,2030-09-16
MX,2030-10-01
MX,2030-11-18
MX,2030-12-25
NL,2000-04-21
NL,2000-04-24
NL,2000-04-27
NL,2000-06-01
NL,2000-06-12
NL,2000-12-25
NL,2000-12-26
NL,2001-01-01
NL,2001-04-13
NL,2001-04-16
NL,2001-04-27
NL,2001-05-24
NL,2001-06-04
NL,2001-12-25
NL,2001-12-26
NL,2002-01-01
NL,2002-03-29
NL,2002-04-01
NL,2002-05-09
NL,2002-05-20
NL,2002-12-25
NL,2002-12-26
NL,2003-01-01
NL,2003-04-18
NL,2003-04-21
NL,2003-05-29
NL,2003-06-09
NL,2003-12-25
NL,2003-12-26
NL,2004-01-01
NL,2004-04-09
NL,2004-04-12
NL,2004-04-27
NL,2004-05-20
NL,2004-05-31
NL,2005-03-25
NL,2005-03-28
NL,2005-04-27
NL,2005-05-05
NL,2005-05-16
NL,2005-12-26
NL,2006-04-14
NL,2006-04-17
NL,2006-04-27
NL,2006-05-25
NL,2006-06-05
NL,2006-12-25
NL,2006-12-26
NL,2007-01-01
NL,2007-04-06
NL,2007-04-09
NL,2007-04-27
NL,2007-05-17
NL,2007-05-28
NL,2007-12-25
NL,2007-12-26
NL,2008-01-01
NL,2008-03-21
NL,2008-03-24
NL,2008-05-01
NL,2008-05-12
NL,2008-12-25
NL,2008-12-26
NL,2009-01-01
NL,2009-04-10
NL,2009-04-13
NL,2009-04-27
NL,2009-05-21
NL,2009-06-01
NL,2009-12-25
NL,2010-01-01
NL,2010-04-02
NL,2010-04-05
NL,2010-04-27
NL,2010-05-13
NL,2010-05-24
NL,2011-04-22
NL,2011-04-25
NL,2011-04-27
NL,2011-06-02
NL,2011-06-13
NL,2011-12-26
NL,2012-04-06
NL,2012-04-09
NL,2012-04-27
NL,2012-05-17
NL,2012-05-28
NL,2012-12-25
NL,2012-12-26
NL,2013-01-01
NL,2013-03-29
NL,2013-04-01
NL,2013-05-09
NL,2013-05-20
NL,2013-12-25
NL,2013-12-26
NL,2014-01-01
NL,2014-04-18
NL,2014-04-21
NL,2014-05-29
NL,2014-06-09
NL,2014-12-25
NL,2014-12-26
NL,2015-01-01
NL,2015-04-03
NL,2015-04-06
NL,2015-04-27
NL,2015-05-14
NL,2015-05-25
NL,2015-12-25
NL,2016-01-01
NL,2016-03-25
NL,2016-03-28
NL,2016-04-27
NL,2016-05-05
NL,2016-05-16
NL,2016-12-26
NL,2017-04-14
NL,2017-04-17
NL,2017-04-27
NL,2017-05-25
NL,2017-06-05
NL,2017-12-25
NL,2017-12-26
NL,2018-01-01
NL,2018-03-30
NL,2018-04-02
NL,2018-04-27
NL,2018-05-10
NL,2018-05-21
NL,2018-12-25
NL,2018-12-26
NL,2019-01-01
NL,2019-04-19
NL,2019-04-22
NL,2019-05-30
NL,2019-06-10
NL,2019-12-25
NL,2019-12-26
NL,2020-01-01
NL,2020-04-10
NL,2020-04-13
NL,2020-04-27
NL,2020-05-05
NL,2020-05-21
NL,2020-06-01
NL,2020-12-25
NL,2021-01-01
NL,2021-04-02
NL,2021-04-05
NL,2021-04-27
NL,2021-05-13
NL,2021-05-24
NL,2022-04-15
NL,2022-04-18
NL,2022-04-27
NL,2022-05-26
NL,2022-06-06
NL,2022-12-26
NL,2023-04-07
NL,2023-04-10
NL,2023-04-27
NL,2023-05-18
NL,2023-05-29
NL,2023-12-25
NL,2023-12-26
NL,2024-01-01
NL,2024-03-29
NL,2024-04-01
NL,2024-05-09
NL,2024-05-20
NL,2024-12-25
NL,2024-12-26
NL,2025-01-01
NL,2025-04-18
NL,2025-04-21
NL,2025-05-05
NL,2025-05-29
NL,2025-06-09
NL,2025-12-25
NL,2025-12-26
NL,2026-01-01
NL,2026-04-03
NL,2026-04-06
NL,2026-04-27
NL,2026-05-14
NL,2026-05-25
NL,2026-12-25
NL,2027-01-01
NL,2027-03-26
NL,2027-03-29
NL,2027-04-27
NL,2027-05-06
NL,2027-05-17
NL,2028-04-14
NL,2028-04-17
NL,2028-04-27
NL,2028-05-25
NL,2028-06-05
NL,2028-12-25
NL,2028-12-26
NL,2029-01-01
NL,2029-03-30
NL,2029-04-02
NL,2029-04-27
NL,2029-05-10
NL,2029-05-21
NL,2029-12-25
NL,2029-12-26
NL,2030-01-01
NL,2030-04-19
NL,2030-04-22
NL,2030-05-30
NL,2030-06-10
NL,2030-12-25
NL,2030-12-26
NO,2000-04-20
NO,2000-04-21
NO,2000-04-24
NO,2000-05-01
NO,2000-05-17
NO,2000-06-01
NO,2000-06-12
NO,2000-12-25
NO,2000-12-26
NO,2001-01-01
NO,2001-04-12
NO,2001-04-13
NO,2001-04-16
NO,2001-05-01
NO,2001-05-17
NO,2001-05-24
NO,2001-06-04
NO,2001-12-25
NO,2001-12-26
NO,2002-01-01
NO,2002-03-28
NO,2002-03-29
NO,2002-04-01
NO,2002-05-01
NO,2002-05-09
NO,2002-05-17
NO,2002-05-20
NO,2002-12-25
NO,2002-12-26
NO,2003-01-01
NO,2003-04-17
NO,2003-04-18
NO,2003-04-21
NO,2003-05-01
NO,2003-05-29
NO,2003-06-09
NO,2003-12-25
NO,2003-12-26
NO,2004-01-01
NO,2004-04-08
NO,2004-04-09
NO,2004-04-12
NO,2004-05-17
NO,2004-05-20
NO,2004-05-31
NO,2005-03-24
NO,2005-03-25
NO,2005-03-28
NO,2005-05-05
NO,2005-05-16
NO,2005-05-17
NO,2005-12-26
NO,2006-04-13
NO,2006-04-14
NO,2006-04-17
NO,2006-05-01
NO,2006-05-17
NO,2006-05-25
NO,2006-06-05
NO,2006-12-25
NO,2006-12-26
NO,2007-01-01
NO,2007-04-05
NO,2007-04-06
NO,2007-04-09
NO,2007-05-01
NO,2007-05-17
NO,2007-05-28
NO,2007-12-25
NO,2007-12-26
NO,2008-01-01
NO,2008-03-20
NO,2008-03-21
NO,2008-03-24
NO,2008-05-01
NO,2008-05-12
NO,2008-12-25
NO,2008-12-26
NO,2009-01-01
NO,2009-04-09
NO,2009-04-10
NO,2009-04-13
NO,2009-05-01
NO,2009-05-21
NO,2009-06-01
NO,2009-12-25
NO,2010-01-01
NO,2010-04-01
NO,2010-04-02
NO,2010-04-05
NO,2010-05-13
NO,2010-05-17
NO,2010-05-24
NO,2011-04-21
NO,2011-04-22
NO,2011-04-25
NO,2011-05-17
NO,2011-06-02
NO,2011-06-13
NO,2011-08-22
NO,2011-12-26
NO,2012-04-05
NO,2012-04-06
NO,2012-04-09
NO,2012-05-01
NO,2012-05-17
NO,2012-05-28
NO,2012-12-25
NO,2012-12-26
NO,2013-01-01
NO,2013-03-28
NO,2013-03-29
NO,2013-04-01
NO,2013-05-01
NO,2013-05-09
NO,2013-05-17
NO,2013-05-20
NO,2013-12-25
NO,2013-12-26
NO,2014-01-01
NO,2014-04-17
NO,2014-04-18
NO,2014-04-21
NO,2014-05-01
NO,2014-05-29
NO,2014-06-09
NO,2014-12-25
NO,2014-12-26
NO,2015-01-01
NO,2015-04-02
NO,2015-04-03
NO,2015-04-06
NO,2015-05-01
NO,2015-05-14
NO,2015-05-25
NO,2015-12-25
NO,2016-01-01
NO,2016-03-24
NO,2016-03-25
NO,2016-03-28
NO,2016-05-05
NO,2016-05-16
NO,2016-05-17
NO,2016-12-26
NO,2017-04-13
NO,2017-04-14
NO,2017-04-17
NO,2017-05-01
NO,2017-05-17
NO,2017-05-25
NO,2017-06-05
NO,2017-12-25
NO,2017-12-26
NO,2018-01-01
NO,2018-03-29
NO,2018-03-30
NO,2018-04-02
NO,2018-05-01
NO,2018-05-10
NO,2018-05-17
NO,2018-05-21
NO,2018-12-25
NO,2018-12-26
NO,2019-01-01
NO,2019-04-18
NO,2019-04-19
NO,2019-04-22
NO,2019-05-01
NO,2019-05-17
NO,2019-05-30
NO,2019-06-10
NO,2019-12-25
NO,2019-12-26
NO,2020-01-01
NO,2020-04-09
NO,2020-04-10
NO,2020-04-13
NO,2020-05-01
NO,2020-05-21
NO,2020-06-01
NO,2020-12-25
NO,2021-01-01
NO,2021-04-01
NO,2021-04-02
NO,2021-04-05
NO,2021-05-13
NO,2021-05-17
NO,2021-05-24
NO,2022-04-14
NO,2022-04-15
NO,2022-04-18
NO,2022-05-17
NO,2022-05-26
NO,2022-06-06
NO,2022-12-26
NO,2023-04-06
NO,2023-04-07
NO,2023-04-10
NO,2023-05-01
NO,2023-05-17
NO,2023-05-18
NO,2023-05-29
NO,2023-12-25
NO,2023-12-26
NO,2024-01-01
NO,2024-03-28
NO,2024-03-29
NO,2024-04-01
NO,2024-05-01
NO,2024-05-09
NO,2024-05-17
NO,2024-05-20
NO,2024-12-25
NO,2024-12-26
NO,2025-01-01
NO,2025-04-17
NO,2025-04-18
NO,2025-04-21
NO,2025-05-01
NO,2025-05-29
NO,2025-06-09
NO,2025-12-25
NO,2025-12-26
NO,2026-01-01
NO,2026-04-02
NO,2026-04-03
NO,2026-04-06
NO,2026-05-01
NO,2026-05-14
NO,2026-05-25
NO,2026-12-25
NO,2027-01-01
NO,2027-03-25
NO,2027-03-26
NO,2027-03-29
NO,2027-05-06
NO,2027-05-17
NO,2028-04-13
NO,2028-04-14
NO,2028-04-17
NO,2028-05-01
NO,2028-05-17
NO,2028-05-25
NO,2028-06-05
NO,2028-12-25
NO,2028-12-26
NO,2029-01-01
NO,2029-03-29
NO,2029-03-30
NO,2029-04-02
NO,2029-05-01
NO,2029-05-10
NO,2029-05-17
NO,2029-05-21
NO,2029-12-25
NO,2029-12-26
NO,2030-01-01
NO,2030-04-18
NO,2030-04-19
NO,2030-04-22
NO,2030-05-01
NO,2030-05-17
NO,2030-05-30
NO,2030-06-10
NO,2030-12-25
NO,2030-12-26
NZ,2000-01-03
NZ,2000-01-04
NZ,2000-01-24
NZ,2000-04-21
NZ,2000-04-24
NZ,2000-04-25
NZ,2000-06-05
NZ,2000-10-23
NZ,2000-12-25
NZ,2000-12-26
NZ,2001-01-01
NZ,2001-01-02
NZ,2001-01-22
NZ,2001-02-06
NZ,2001-04-13
NZ,2001-04-16
NZ,2001-04-25
NZ,2001-06-04
NZ,2001-10-22
NZ,2001-12-25
NZ,2001-12-26
NZ,2002-01-01
NZ,2002-01-02
NZ,2002-01-21
NZ,2002-02-06
NZ,2002-03-29
NZ,2002-04-01
NZ,2002-04-25
NZ,2002-06-03
NZ,2002-10-28
NZ,2002-12-25
NZ,2002-12-26
NZ,2003-01-01
NZ,2003-01-02
NZ,2003-01-20
NZ,2003-02-06
NZ,2003-04-18
NZ,2003-04-21
NZ,2003-04-25
NZ,2003-06-02
NZ,2003-10-27
NZ,2003-12-25
NZ,2003-12-26
NZ,2004-01-01
NZ,2004-01-02
NZ,2004-01-19
NZ,2004-02-06
NZ,2004-04-09
NZ,2004-04-12
NZ,2004-06-07
NZ,2004-10-25
NZ,2004-12-27
NZ,2004-12-28
NZ,2005-01-03
NZ,2005-01-04
NZ,2005-01-24
NZ,2005-03-25
NZ,2005-03-28
NZ,2005-04-25
NZ,2005-06-06
NZ,2005-10-24
NZ,2005-12-26
NZ,2005-12-27
NZ,2006-01-02
NZ,2006-01-03
NZ,2006-01-23
NZ,2006-02-06
NZ,2006-04-14
NZ,2006-04-17
NZ,2006-04-25
NZ,2006-06-05
NZ,2006-10-23
NZ,2006-12-25
NZ,2006-12-26
NZ,2007-01-01
NZ,2007-01-02
NZ,2007-01-22
NZ,2007-02-06
NZ,2007-04-06
NZ,2007-04-09
NZ,2007-04-25
NZ,2007-06-04
NZ,2007-10-22
NZ,2007-12-25
NZ,2007-12-26
NZ,2008-01-01
NZ,2008-01-02
NZ,2008-01-21
NZ,2008-02-06
NZ,2008-03-21
NZ,2008-03-24
NZ,2008-04-25
NZ,2008-06-02
NZ,2008-10-27
NZ,2008-12-25
NZ,2008-12-26
NZ,2009-01-01
NZ,2009-01-02
NZ,2009-01-19
NZ,2009-02-06
NZ,2009-04-10
NZ,2009-04-13
NZ,2009-06-01
NZ,2009-10-26
NZ,2009-12-25
NZ,2009-12-28
NZ,2010-01-01
NZ,2010-01-04
NZ,2010-01-25
NZ,2010-04-02
NZ,2010-04-05
NZ,2010-06-07
NZ,2010-10-25
NZ,2010-12-27
NZ,2010-12-28
NZ,2011-01-03
NZ,2011-01-04
NZ,2011-01-24
NZ,2011-04-22
NZ,2011-04-25
NZ,2011-06-06
NZ,2011-10-24
NZ,2011-12-26
NZ,2011-12-27
NZ,2012-01-02
NZ,2012-01-03
NZ,2012-01-23
NZ,2012-02-06
NZ,2012-04-06
NZ,2012-04-09
NZ,2012-04-25
NZ,2012-06-04
NZ,2012-10-22
NZ,2012-12-25
NZ,2012-12-26
NZ,2013-01-01
NZ,2013-01-02
NZ,2013-01-21
NZ,2013-02-06
NZ,2013-03-29
NZ,2013-04-01
NZ,2013-04-25
NZ,2013-06-03
NZ,2013-10-28
NZ,2013-12-25
NZ,2013-12-26
NZ,2014-01-01
NZ,2014-01-02
NZ,2014-01-20
NZ,2014-02-06
NZ,2014-04-18
NZ,2014-04-21
NZ,2014-04-25
NZ,2014-06-02
NZ,2014-10-27
NZ,2014-12-25
NZ,2014-12-26
NZ,2015-01-01
NZ,2015-01-02
NZ,2015-01-19
NZ,2015-02-06
NZ,2015-04-03
NZ,2015-04-06
NZ,2015-04-27
NZ,2015-06-01
NZ,2015-10-26
NZ,2015-12-25
NZ,2015-12-28
NZ,2016-01-01
NZ,2016-01-04
NZ,2016-01-25
NZ,2016-02-08
NZ,2016-03-25
NZ,2016-03-28
NZ,2016-04-25
NZ,2016-06-06
NZ,2016-10-24
NZ,2016-12-26
NZ,2016-12-27
NZ,2017-01-02
NZ,2017-01-03
NZ,2017-01-23
NZ,2017-02-06
NZ,2017-04-14
NZ,2017-04-17
NZ,2017-04-25
NZ,2017-06-05
NZ,2017-10-23
NZ,2017-12-25
NZ,2017-12-26
NZ,2018-01-01
NZ,2018-01-02
NZ,2018-01-22
NZ,2018-02-06
NZ,2018-03-30
NZ,2018-04-02
NZ,2018-04-25
NZ,2018-06-04
NZ,2018-10-22
NZ,2018-12-25
NZ,2018-12-26
NZ,2019-01-01
NZ,2019-01-02
NZ,2019-01-21
NZ,2019-02-06
NZ,2019-04-19
NZ,2019-04-22
NZ,2019-04-25
NZ,2019-06-03
NZ,2019-10-28
NZ,2019-12-25
NZ,2019-12-26
NZ,2020-01-01
NZ,2020-01-02
NZ,2020-01-20
NZ,2020-02-06
NZ,2020-04-10
NZ,2020-04-13
NZ,2020-04-27
NZ,2020-06-01
NZ,2020-10-26
NZ,2020-12-25
NZ,2020-12-28
NZ,2021-01-01
NZ,2021-01-04
NZ,2021-01-25
NZ,2021-02-08
NZ,2021-04-02
NZ,2021-04-05
NZ,2021-04-26
NZ,2021-06-07
NZ,2021-10-25
NZ,2021-12-27
NZ,2021-12-28
NZ,2022-01-03
NZ,2022-01-04
NZ,2022-01-24
NZ,2022-02-07
NZ,2022-04-15
NZ,2022-04-18
NZ,2022-04-25
NZ,2022-06-06
NZ,2022-06-24
NZ,2022-10-24
NZ,2022-12-26
NZ,2022-12-27
NZ,2023-01-02
NZ,2023-01-03
NZ,2023-01-23
NZ,2023-02-06
NZ,2023-04-07
NZ,2023-04-10
NZ,2023-04-25
NZ,2023-06-05
NZ,2023-07-14
NZ,2023-10-23
NZ,2023-12-25
NZ,2023-12-26
NZ,2024-01-01
NZ,2024-01-02
NZ,2024-01-22
NZ,2024-02-06
NZ,2024-03-29
NZ,2024-04-01
NZ,2024-04-25
NZ,2024-06-03
NZ,2024-06-28
NZ,2024-10-28
NZ,2024-12-25
NZ,2024-12-26
NZ,2025-01-01
NZ,2025-01-02
NZ,2025-01-20
NZ,2025-02-06
NZ,2025-04-18
NZ,2025-04-21
NZ,2025-04-25
NZ,2025-06-02
NZ,2025-06-20
NZ,2025-10-27
NZ,2025-12-25
NZ,2025-12-26
NZ,2026-01-01
NZ,2026-01-02
NZ,2026-01-19
NZ,2026-02-06
NZ,2026-04-03
NZ,2026-04-06
NZ,2026-04-27
NZ,2026-06-01
NZ,2026-07-10
NZ,2026-10-26
NZ,2026-12-25
NZ,2026-12-28
NZ,2027-01-01
NZ,2027-01-04
NZ,2027-01-25
NZ,2027-02-08
NZ,2027-03-26
NZ,2027-03-29
NZ,2027-04-26
NZ,2027-06-07
NZ,2027-06-25
NZ,2027-10-25
NZ,2027-12-27
NZ,2027-12-28
NZ,2028-01-03
NZ,2028-01-04
NZ,2028-01-24
NZ,2028-02-07
NZ,2028-04-14
NZ,2028-04-17
NZ,2028-04-25
NZ,2028-06-05
NZ,2028-07-14
NZ,2028-10-23
NZ,2028-12-25
NZ,2028-12-26
NZ,2029-01-01
NZ,2029-01-02
NZ,2029-01-22
NZ,2029-02-06
NZ,2029-03-30
NZ,2029-04-02
NZ,2029-04-25
NZ,2029-06-04
NZ,2029-07-06
NZ,2029-10-22
NZ,2029-12-25
NZ,2029-12-26
NZ,2030-01-01
NZ,2030-01-02
NZ,2030-01-21
NZ,2030-02-06
NZ,2030-04-19
NZ,2030-04-22
NZ,2030-04-25
NZ,2030-06-03
NZ,2030-06-21
NZ,2030-10-28
NZ,2030-12-25
NZ,2030-12-26
SG,2000-01-25
SG,2000-02-25
SG,2000-04-21
SG,2000-04-25
SG,2000-05-01
SG,2000-05-25
SG,2000-07-25
SG,2000-08-09
SG,2000-08-25
SG,2000-09-25
SG,2000-10-25
SG,2000-12-25
SG,2001-01-01
SG,2001-01-25
SG,2001-04-13
SG,2001-04-25
SG,2001-05-01
SG,2001-05-25
SG,2001-06-25
SG,2001-07-25
SG,2001-08-09
SG,2001-09-25
SG,2001-10-25
SG,2001-12-25
SG,2002-01-01
SG,2002-01-25
SG,2002-02-25
SG,2002-03-25
SG,2002-03-29
SG,2002-04-25
SG,2002-05-01
SG,2002-06-25
SG,2002-07-25
SG,2002-08-09
SG,2002-09-25
SG,2002-10-25
SG,2002-11-25
SG,2002-12-25
SG,2003-01-01
SG,2003-02-25
SG,2003-03-25
SG,2003-04-18
SG,2003-04-25
SG,2003-05-01
SG,2003-06-25
SG,2003-07-25
SG,2003-08-25
SG,2003-09-25
SG,2003-11-25
SG,2003-12-25
SG,2004-01-01
SG,2004-01-22
SG,2004-01-23
SG,2004-02-02
SG,2004-02-25
SG,2004-03-25
SG,2004-04-09
SG,2004-05-25
SG,2004-06-02
SG,2004-06-25
SG,2004-08-09
SG,2004-08-25
SG,2004-10-25
SG,2004-11-11
SG,2004-11-15
SG,2004-11-25
SG,2005-01-21
SG,2005-01-25
SG,2005-02-09
SG,2005-02-10
SG,2005-02-25
SG,2005-03-25
SG,2005-04-25
SG,2005-05-02
SG,2005-05-25
SG,2005-07-25
SG,2005-08-09
SG,2005-08-25
SG,2005-10-25
SG,2005-11-01
SG,2005-11-03
SG,2005-11-25
SG,2005-12-26
SG,2006-01-02
SG,2006-01-10
SG,2006-01-25
SG,2006-01-30
SG,2006-04-14
SG,2006-04-25
SG,2006-05-01
SG,2006-05-12
SG,2006-05-25
SG,2006-07-25
SG,2006-08-09
SG,2006-08-25
SG,2006-09-25
SG,2006-10-24
SG,2006-10-25
SG,2006-12-25
SG,2007-01-01
SG,2007-01-25
SG,2007-02-19
SG,2007-04-06
SG,2007-04-25
SG,2007-05-01
SG,2007-05-25
SG,2007-05-31
SG,2007-06-25
SG,2007-07-25
SG,2007-08-09
SG,2007-09-25
SG,2007-10-25
SG,2007-11-08
SG,2007-12-19
SG,2007-12-25
SG,2008-01-01
SG,2008-01-25
SG,2008-02-07
SG,2008-02-08
SG,2008-02-25
SG,2008-03-21
SG,2008-03-25
SG,2008-04-25
SG,2008-05-01
SG,2008-05-19
SG,2008-06-25
SG,2008-07-25
SG,2008-08-25
SG,2008-09-25
SG,2008-10-01
SG,2008-10-27
SG,2008-11-25
SG,2008-12-08
SG,2008-12-25
SG,2009-01-01
SG,2009-01-26
SG,2009-01-27
SG,2009-02-25
SG,2009-03-25
SG,2009-04-10
SG,2009-05-01
SG,2009-05-25
SG,2009-06-25
SG,2009-08-10
SG,2009-08-25
SG,2009-09-21
SG,2009-09-25
SG,2009-11-16
SG,2009-11-25
SG,2009-11-27
SG,2009-12-25
SG,2010-01-01
SG,2010-01-25
SG,2010-02-15
SG,2010-02-25
SG,2010-03-25
SG,2010-04-02
SG,2010-05-25
SG,2010-05-28
SG,2010-06-25
SG,2010-08-09
SG,2010-08-25
SG,2010-09-10
SG,2010-10-25
SG,2010-11-05
SG,2010-11-17
SG,2010-11-25
SG,2011-01-25
SG,2011-02-03
SG,2011-02-04
SG,2011-02-25
SG,2011-03-25
SG,2011-04-22
SG,2011-04-25
SG,2011-05-02
SG,2011-05-17
SG,2011-05-25
SG,2011-07-25
SG,2011-08-09
SG,2011-08-25
SG,2011-08-30
SG,2011-10-25
SG,2011-10-26
SG,2011-11-07
SG,2011-11-25
SG,2011-12-26
SG,2012-01-02
SG,2012-01-23
SG,2012-01-24
SG,2012-01-25
SG,2012-04-06
SG,2012-04-25
SG,2012-05-01
SG,2012-05-25
SG,2012-06-25
SG,2012-07-25
SG,2012-08-09
SG,2012-08-20
SG,2012-09-25
SG,2012-10-25
SG,2012-10-26
SG,2012-11-13
SG,2012-12-25
SG,2013-01-01
SG,2013-01-25
SG,2013-02-11
SG,2013-02-12
SG,2013-02-25
SG,2013-03-25
SG,2013-03-29
SG,2013-04-25
SG,2013-05-01
SG,2013-05-24
SG,2013-06-25
SG,2013-07-25
SG,2013-08-08
SG,2013-08-09
SG,2013-09-25
SG,2013-10-15
SG,2013-10-25
SG,2013-11-25
SG,2013-12-25
SG,2014-01-01
SG,2014-01-31
SG,2014-02-25
SG,2014-03-25
SG,2014-04-18
SG,2014-04-25
SG,2014-05-01
SG,2014-05-13
SG,2014-06-25
SG,2014-07-25
SG,2014-07-28
SG,2014-08-25
SG,2014-09-25
SG,2014-10-06
SG,2014-10-22
SG,2014-11-25
SG,2014-12-25
SG,2015-01-01
SG,2015-02-19
SG,2015-02-20
SG,2015-02-25
SG,2015-03-25
SG,2015-04-03
SG,2015-05-01
SG,2015-05-25
SG,2015-06-01
SG,2015-06-25
SG,2015-07-17
SG,2015-08-10
SG,2015-08-25
SG,2015-09-24
SG,2015-09-25
SG,2015-11-10
SG,2015-11-25
SG,2015-12-25
SG,2016-01-01
SG,2016-01-25
SG,2016-02-08
SG,2016-02-09
SG,2016-02-25
SG,2016-03-25
SG,2016-04-25
SG,2016-05-02
SG,2016-05-25
SG,2016-07-06
SG,2016-07-25
SG,2016-08-09
SG,2016-08-25
SG,2016-09-12
SG,2016-10-25
SG,2016-11-25
SG,2016-12-26
SG,2017-01-02
SG,2017-01-25
SG,2017-04-14
SG,2017-04-25
SG,2017-05-01
SG,2017-05-10
SG,2017-05-25
SG,2017-06-26
SG,2017-07-25
SG,2017-08-09
SG,2017-08-25
SG,2017-09-01
SG,2017-09-25
SG,2017-10-18
SG,2017-10-25
SG,2017-12-25
SG,2018-01-01
SG,2018-01-25
SG,2018-02-16
SG,2018-03-30
SG,2018-04-25
SG,2018-05-01
SG,2018-05-25
SG,2018-05-29
SG,2018-06-15
SG,2018-06-25
SG,2018-07-25
SG,2018-08-09
SG,2018-08-22
SG,2018-09-25
SG,2018-10-25
SG,2018-11-06
SG,2018-12-25
SG,2019-01-01
SG,2019-01-25
SG,2019-02-05
SG,2019-02-06
SG,2019-02-25
SG,2019-03-25
SG,2019-04-19
SG,2019-04-25
SG,2019-05-01
SG,2019-05-20
SG,2019-06-05
SG,2019-06-25
SG,2019-07-25
SG,2019-08-09
SG,2019-08-12
SG,2019-09-25
SG,2019-10-25
SG,2019-10-28
SG,2019-11-25
SG,2019-12-25
SG,2020-01-01
SG,2020-01-27
SG,2020-02-25
SG,2020-03-25
SG,2020-04-10
SG,2020-05-01
SG,2020-05-07
SG,2020-05-25
SG,2020-06-25
SG,2020-07-31
SG,2020-08-10
SG,2020-08-25
SG,2020-09-25
SG,2020-11-25
SG,2020-12-25
SG,2021-01-01
SG,2021-01-25
SG,2021-02-12
SG,2021-02-25
SG,2021-03-25
SG,2021-04-02
SG,2021-05-13
SG,2021-05-25
SG,2021-05-26
SG,2021-06-25
SG,2021-07-20
SG,2021-08-09
SG,2021-08-25
SG,2021-10-25
SG,2021-11-04
SG,2021-11-25
SG,2022-01-25
SG,2022-02-01
SG,2022-02-02
SG,2022-02-25
SG,2022-03-25
SG,2022-04-15
SG,2022-04-25
SG,2022-05-02
SG,2022-05-03
SG,2022-05-16
SG,2022-05-25
SG,2022-07-11
SG,2022-07-25
SG,2022-08-09
SG,2022-08-25
SG,2022-10-24
SG,2022-10-25
SG,2022-11-25
SG,2022-12-26
SG,2023-01-02
SG,2023-01-23
SG,2023-01-24
SG,2023-01-25
SG,2023-04-07
SG,2023-04-25
SG,2023-05-01
SG,2023-05-25
SG,2023-06-02
SG,2023-06-29
SG,2023-07-25
SG,2023-08-09
SG,2023-08-25
SG,2023-09-25
SG,2023-10-25
SG,2023-11-13
SG,2023-12-25
SG,2024-01-01
SG,2024-01-25
SG,2024-02-12
SG,2024-03-25
SG,2024-03-29
SG,2024-04-10
SG,2024-04-25
SG,2024-05-01
SG,2024-05-22
SG,2024-06-17
SG,2024-06-25
SG,2024-07-25
SG,2024-08-09
SG,2024-09-25
SG,2024-10-25
SG,2024-10-31
SG,2024-11-25
SG,2024-12-25
SG,2025-01-01
SG,2025-02-25
SG,2025-03-25
SG,2025-04-18
SG,2025-04-25
SG,2025-05-01
SG,2025-06-25
SG,2025-07-25
SG,2025-08-25
SG,2025-09-25
SG,2025-11-25
SG,2025-12-25
SG,2026-01-01
SG,2026-02-25
SG,2026-03-25
SG,2026-04-03
SG,2026-05-01
SG,2026-05-25
SG,2026-06-25
SG,2026-08-10
SG,2026-08-25
SG,2026-09-25
SG,2026-11-25
SG,2026-12-25
SG,2027-01-01
SG,2027-01-25
SG,2027-02-25
SG,2027-03-25
SG,2027-03-26
SG,2027-05-25
SG,2027-06-25
SG,2027-08-09
SG,2027-08-25
SG,2027-10-25
SG,2027-11-25
SG,2028-01-25
SG,2028-02-25
SG,2028-04-14
SG,2028-04-25
SG,2028-05-01
SG,2028-05-25
SG,2028-07-25
SG,2028-08-09
SG,2028-08-25
SG,2028-09-25
SG,2028-10-25
SG,2028-12-25
SG,2029-01-01
SG,2029-01-25
SG,2029-03-30
SG,2029-04-25
SG,2029-05-01
SG,2029-05-25
SG,2029-06-25
SG,2029-07-25
SG,2029-08-09
SG,2029-09-25
SG,2029-10-25
SG,2029-12-25
SG,2030-01-01
SG,2030-01-25
SG,2030-02-25
SG,2030-03-25
SG,2030-04-19
SG,2030-04-25
SG,2030-05-01
SG,2030-06-25
SG,2030-07-25
SG,2030-08-09
SG,2030-09-25
SG,2030-10-25
SG,2030-11-25
SG,2030-12-25
TR,2000-05-01
TR,2000-05-19
TR,2000-08-30
TR,2001-01-01
TR,2001-04-23
TR,2001-05-01
TR,2001-08-30
TR,2001-10-29
TR,2002-01-01
TR,2002-04-23
TR,2002-05-01
TR,2002-07-15
TR,2002-08-30
TR,2002-10-29
TR,2003-01-01
TR,2003-04-23
TR,2003-05-01
TR,2003-05-19
TR,2003-07-15
TR,2003-10-29
TR,2004-01-01
TR,2004-04-23
TR,2004-05-19
TR,2004-07-15
TR,2004-08-30
TR,2004-10-29
TR,2005-05-19
TR,2005-07-15
TR,2005-08-30
TR,2006-05-01
TR,2006-05-19
TR,2006-08-30
TR,2007-01-01
TR,2007-04-23
TR,2007-05-01
TR,2007-08-30
TR,2007-10-29
TR,2008-01-01
TR,2008-04-23
TR,2008-05-01
TR,2008-05-19
TR,2008-07-15
TR,2008-10-29
TR,2009-01-01
TR,2009-04-23
TR,2009-05-01
TR,2009-05-19
TR,2009-07-15
TR,2009-10-29
TR,2010-01-01
TR,2010-04-23
TR,2010-05-19
TR,2010-07-15
TR,2010-08-30
TR,2010-10-29
TR,2011-05-19
TR,2011-07-15
TR,2011-08-30
TR,2012-04-23
TR,2012-05-01
TR,2012-08-30
TR,2012-10-29
TR,2013-01-01
TR,2013-04-23
TR,2013-05-01
TR,2013-07-15
TR,2013-08-30
TR,2013-10-29
TR,2014-01-01
TR,2014-04-23
TR,2014-05-01
TR,2014-05-19
TR,2014-07-15
TR,2014-10-29
TR,2015-01-01
TR,2015-04-23
TR,2015-05-01
TR,2015-05-19
TR,2015-07-15
TR,2015-10-29
TR,2016-01-01
TR,2016-05-19
TR,2016-07-15
TR,2016-08-30
TR,2017-05-01
TR,2017-05-19
TR,2017-08-30
TR,2018-01-01
TR,2018-04-23
TR,2018-05-01
TR,2018-08-30
TR,2018-10-29
TR,2019-01-01
TR,2019-04-23
TR,2019-05-01
TR,2019-07-15
TR,2019-08-30
TR,2019-10-29
TR,2020-01-01
TR,2020-04-23
TR,2020-05-01
TR,2020-05-19
TR,2020-07-15
TR,2020-10-29
TR,2021-01-01
TR,2021-04-23
TR,2021-05-19
TR,2021-07-15
TR,2021-08-30
TR,2021-10-29
TR,2022-05-19
TR,2022-07-15
TR,2022-08-30
TR,2023-05-01
TR,2023-05-19
TR,2023-08-30
TR,2024-01-01
TR,2024-04-23
TR,2024-05-01
TR,2024-07-15
TR,2024-08-30
TR,2024-10-29
TR,2025-01-01
TR,2025-04-23
TR,2025-05-01
TR,2025-05-19
TR,2025-07-15
TR,2025-10-29
TR,2026-01-01
TR,2026-04-23
TR,2026-05-01
TR,2026-05-19
TR,2026-07-15
TR,2026-10-29
TR,2027-01-01
TR,2027-04-23
TR,2027-05-19
TR,2027-07-15
TR,2027-08-30
TR,2027-10-29
TR,2028-05-01
TR,2028-05-19
TR,2028-08-30
TR,2029-01-01
TR,2029-04-23
TR,2029-05-01
TR,2029-08-30
TR,2029-10-29
TR,2030-01-01
TR,2030-04-23
TR,2030-05-01
TR,2030-07-15
TR,2030-08-30
TR,2030-10-29
US,2000-01-17
US,2000-02-21
US,2000-05-29
US,2000-07-04
US,2000-09-04
US,2000-10-09
US,2000-11-10
US,2000-11-23
US,2000-12-25
US,2001-01-01
US,2001-01-15
US,2001-02-19
US,2001-05-28
US,2001-07-04
US,2001-09-03
US,2001-10-08
US,2001-11-12
US,2001-11-22
US,2001-12-25
US,2002-01-01
US,2002-01-21
US,2002-02-18
US,2002-05-27
US,2002-07-04
US,2002-09-02
US,2002-10-14
US,2002-11-11
US,2002-11-28
US,2002-12-25
US,2003-01-01
US,2003-01-20
US,2003-02-17
US,2003-05-26
US,2003-07-04
US,2003-09-01
US,2003-10-13
US,2003-11-11
US,2003-11-27
US,2003-12-25
US,2004-01-01
US,2004-01-19
US,2004-02-16
US,2004-05-31
US,2004-07-05
US,2004-09-06
US,2004-10-11
US,2004-11-11
US,2004-11-25
US,2004-12-24
US,2004-12-31
US,2005-01-17
US,2005-02-21
US,2005-05-30
US,2005-07-04
US,2005-09-05
US,2005-10-10
US,2005-11-11
US,2005-11-24
US,2005-12-26
US,2006-01-02
US,2006-01-16
US,2006-02-20
US,2006-05-29
US,2006-07-04
US,2006-09-04
US,2006-10-09
US,2006-11-10
US,2006-11-23
US,2006-12-25
US,2007-01-01
US,2007-01-15
US,2007-02-19
US,2007-05-28
US,2007-07-04
US,2007-09-03
US,2007-10-08
US,2007-11-12
US,2007-11-22
US,2007-12-25
US,2008-01-01
US,2008-01-21
US,2008-02-18
US,2008-05-26
US,2008-07-04
US,2008-09-01
US,2008-10-13
US,2008-11-11
US,2008-11-27
US,2008-12-25
US,2009-01-01
US,2009-01-19
US,2009-02-16
US,2009-05-25
US,2009-07-03
US,2009-09-07
US,2009-10-12
US,2009-11-11
US,2009-11-26
US,2009-12-25
US,2010-01-01
US,2010-01-18
US,2010-02-15
US,2010-05-31
US,2010-07-05
US,2010-09-06
US,2010-10-11
US,2010-11-11
US,2010-11-25
US,2010-12-24
US,2010-12-31
US,2011-01-17
US,2011-02-21
US,2011-05-30
US,2011-07-04
US,2011-09-05
US,2011-10-10
US,2011-11-11
US,2011-11-24
US,2011-12-26
US,2012-01-02
US,2012-01-16
US,2012-02-20
US,2012-05-28
US,2012-07-04
US,2012-09-03
US,2012-10-08
US,2012-11-12
US,2012-11-22
US,2012-12-25
US,2013-01-01
US,2013-01-21
US,2013-02-18
US,2013-05-27
US,2013-07-04
US,2013-09-02
US,2013-10-14
US,2013-11-11
US,2013-11-28
US,2013-12-25
US,2014-01-01
US,2014-01-20
US,2014-02-17
US,2014-05-26
US,2014-07-04
US,2014-09-01
US,2014-10-13
US,2014-11-11
US,2014-11-27
US,2014-12-25
US,2015-01-01
US,2015-01-19
US,2015-02-16
US,2015-05-25
US,2015-07-03
US,2015-09-07
US,2015-10-12
US,2015-11-11
US,2015-11-26
US,2015-12-25
US,2016-01-01
US,2016-01-18
US,2016-02-15
US,2016-05-30
US,2016-07-04
US,2016-09-05
US,2016-10-10
US,2016-11-11
US,2016-11-24
US,2016-12-26
US,2017-01-02
US,2017-01-16
US,2017-02-20
US,2017-05-29
US,2017-07-04
US,2017-09-04
US,2017-10-09
US,2017-11-10
US,2017-11-23
US,2017-12-25
US,2018-01-01
US,2018-01-15
US,2018-02-19
US,2018-05-28
US,2018-07-04
US,2018-09-03
US,2018-10-08
US,2018-11-12
US,2018-11-22
US,2018-12-25
US,2019-01-01
US,2019-01-21
US,2019-02-18
US,2019-05-27
US,2019-07-04
US,2019-09-02
US,2019-10-14
US,2019-11-11
US,2019-11-28
US,2019-12-25
US,2020-01-01
US,2020-01-20
US,2020-02-17
US,2020-05-25
US,2020-07-03
US,2020-09-07
US,2020-10-12
US,2020-11-11
US,2020-11-26
US,2020-12-25
US,2021-01-01
US,2021-01-18
US,2021-02-15
US,2021-05-31
US,2021-07-05
US,2021-09-06
US,2021-10-11
US,2021-11-11
US,2021-11-25
US,2021-12-24
US,2021-12-31
US,2022-01-17
US,2022-02-21
US,2022-05-30
US,2022-06-20
US,2022-07-04
US,2022-09-05
US,2022-10-10
US,2022-11-11
US,2022-11-24
US,2022-12-26
US,2023-01-02
US,2023-01-16
US,2023-02-20
US,2023-05-29
US,2023-06-19
US,2023-07-04
US,2023-09-04
US,2023-10-09
US,2023-11-10
US,2023-11-23
US,2023-12-25
US,2024-01-01
US,2024-01-15
US,2024-02-19
US,2024-05-27
US,2024-06-19
US,2024-07-04
US,2024-09-02
US,2024-10-14
US,2024-11-11
US,2024-11-28
US,2024-12-25
US,2025-01-01
US,2025-01-20
US,2025-02-17
US,2025-05-26
US,2025-06-19
US,2025-07-04
US,2025-09-01
US,2025-10-13
US,2025-11-11
US,2025-11-27
US,2025-12-25
US,2026-01-01
US,2026-01-19
US,2026-02-16
US,2026-05-25
US,2026-06-19
US,2026-07-03
US,2026-09-07
US,2026-10-12
US,2026-11-11
US,2026-11-26
US,2026-12-25
US,2027-01-01
US,2027-01-18
US,2027-02-15
US,2027-05-31
US,2027-06-18
US,2027-07-05
US,2027-09-06
US,2027-10-11
US,2027-11-11
US,2027-11-25
US,2027-12-24
US,2027-12-31
US,2028-01-17
US,2028-02-21
US,2028-05-29
US,2028-06-19
US,2028-07-04
US,2028-09-04
US,2028-10-09
US,2028-11-10
US,2028-11-23
US,2028-12-25
US,2029-01-01
US,2029-01-15
US,2029-02-19
US,2029-05-28
US,2029-06-19
US,2029-07-04
US,2029-09-03
US,2029-10-08
US,2029-11-12
US,2029-11-22
US,2029-12-25
US,2030-01-01
US,2030-01-21
US,2030-02-18
US,2030-05-27
US,2030-06-19
US,2030-07-04
US,2030-09-02
US,2030-10-14
US,2030-11-11
US,2030-11-28
US,2030-12-25
